Year,Transmission nom cents/kWh,Distribution nom cents/kWh,region,Transmission nom USD/MWh,Distribution nom USD/MWh
2050,2.213137,5.570174,Florida Reliability Coordinating Council,22.13137,55.70174
2049,2.158552,5.491998,Florida Reliability Coordinating Council,21.58552,54.919979999999995
2048,2.101381,5.407839,Florida Reliability Coordinating Council,21.01381,54.07839
2047,2.04784,5.304396,Florida Reliability Coordinating Council,20.4784,53.04396
2046,2.002145,5.202559,Florida Reliability Coordinating Council,20.02145,52.02559
2045,1.961208,5.084318,Florida Reliability Coordinating Council,19.61208,50.84318
2044,1.923127,4.959794,Florida Reliability Coordinating Council,19.231270000000002,49.597939999999994
2043,1.887498,4.844936,Florida Reliability Coordinating Council,18.87498,48.44936
2042,1.853293,4.732378,Florida Reliability Coordinating Council,18.53293,47.32378
2041,1.817836,4.623351,Florida Reliability Coordinating Council,18.17836,46.23351
2040,1.772578,4.517832,Florida Reliability Coordinating Council,17.72578,45.17832
2039,1.728969,4.416262,Florida Reliability Coordinating Council,17.28969,44.16262
2038,1.687777,4.326207,Florida Reliability Coordinating Council,16.87777,43.26207
2037,1.646793,4.239054,Florida Reliability Coordinating Council,16.46793,42.39054
2036,1.609203,4.154661,Florida Reliability Coordinating Council,16.09203,41.54661
2035,1.568036,4.071182,Florida Reliability Coordinating Council,15.68036,40.71182
2034,1.511459,3.985126,Florida Reliability Coordinating Council,15.114590000000002,39.85126
2033,1.438153,3.893143,Florida Reliability Coordinating Council,14.38153,38.93143
2032,1.361887,3.804602,Florida Reliability Coordinating Council,13.618870000000001,38.04602
2031,1.292854,3.714405,Florida Reliability Coordinating Council,12.92854,37.14405
2030,1.237471,3.61318,Florida Reliability Coordinating Council,12.37471,36.1318
2029,1.177048,3.506832,Florida Reliability Coordinating Council,11.770480000000001,35.06832
2028,1.10749,3.401356,Florida Reliability Coordinating Council,11.074900000000001,34.01356
2027,1.05679,3.295278,Florida Reliability Coordinating Council,10.567899999999998,32.952780000000004
2026,1.009232,3.187117,Florida Reliability Coordinating Council,10.092319999999999,31.871170000000003
2025,0.95917,3.07131,Florida Reliability Coordinating Council,9.5917,30.7131
2024,0.899217,2.955634,Florida Reliability Coordinating Council,8.99217,29.55634
2023,0.838399,2.812134,Florida Reliability Coordinating Council,8.38399,28.12134
2022,0.808416,2.562299,Florida Reliability Coordinating Council,8.08416,25.622989999999998
2021,0.759654,1.716838,Florida Reliability Coordinating Council,7.596540000000001,17.16838
2020,,,Florida Reliability Coordinating Council,,
2050,8.301528,13.728763,NPCC/New England,83.01527999999999,137.28763
2049,8.12587,13.499213,NPCC/New England,81.2587,134.99213
2048,7.941358,13.238829,NPCC/New England,79.41358,132.38829
2047,7.759631,12.96096,NPCC/New England,77.59631,129.6096
2046,7.584891,12.704393,NPCC/New England,75.84891,127.04392999999999
2045,7.419024,12.427432,NPCC/New England,74.19024,124.27431999999999
2044,7.250782,12.132303,NPCC/New England,72.50782,121.32303
2043,7.07342,11.83819,NPCC/New England,70.7342,118.3819
2042,6.897026,11.543659,NPCC/New England,68.97026,115.43659
2041,6.711299,11.257276,NPCC/New England,67.11299,112.57275999999999
2040,6.519633,10.983078,NPCC/New England,65.19633,109.83078
2039,6.347781,10.729294,NPCC/New England,63.477810000000005,107.29293999999999
2038,6.182775,10.463135,NPCC/New England,61.82775,104.63135
2037,6.014017,10.180178,NPCC/New England,60.14017,101.80178
2036,5.849704,9.897557,NPCC/New England,58.49704,98.97557
2035,5.689482,9.616028,NPCC/New England,56.894819999999996,96.16028
2034,5.531966,9.321868,NPCC/New England,55.31966,93.21868
2033,5.380962,9.026047,NPCC/New England,53.80962,90.26047
2032,5.254961,8.750191,NPCC/New England,52.54961,87.50191
2031,5.136987,8.482588,NPCC/New England,51.369870000000006,84.82588
2030,4.998065,8.224206,NPCC/New England,49.980650000000004,82.24206000000001
2029,4.842626,7.971022,NPCC/New England,48.42626,79.71021999999999
2028,4.693389,7.709479,NPCC/New England,46.93389,77.09479
2027,4.537028,7.430381,NPCC/New England,45.37028,74.30381
2026,4.354314,7.122997,NPCC/New England,43.543139999999994,71.22997
2025,4.177411,6.79619,NPCC/New England,41.77411,67.9619
2024,4.00706,6.464885,NPCC/New England,40.0706,64.64885
2023,3.82508,6.0247,NPCC/New England,38.2508,60.247
2022,3.698693,5.67383,NPCC/New England,36.98693,56.738299999999995
2021,3.693565,2.57104,NPCC/New England,36.93565,25.7104
2020,,,NPCC/New England,,
2050,2.532033,6.32457,WECC/Rockies,25.320330000000002,63.2457
2049,2.465117,6.18749,WECC/Rockies,24.651169999999997,61.874900000000004
2048,2.404149,6.040306,WECC/Rockies,24.04149,60.40306
2047,2.350319,5.878026,WECC/Rockies,23.503189999999996,58.78026
2046,2.303979,5.728095,WECC/Rockies,23.03979,57.28095
2045,2.263462,5.586539,WECC/Rockies,22.63462,55.865390000000005
2044,2.221272,5.45164,WECC/Rockies,22.212719999999997,54.516400000000004
2043,2.177565,5.322794,WECC/Rockies,21.77565,53.227940000000004
2042,2.139934,5.189623,WECC/Rockies,21.39934,51.89623
2041,2.097547,5.045094,WECC/Rockies,20.97547,50.450939999999996
2040,2.048736,4.896175,WECC/Rockies,20.48736,48.96175
2039,2.003269,4.754304,WECC/Rockies,20.03269,47.543040000000005
2038,1.956995,4.624469,WECC/Rockies,19.56995,46.244690000000006
2037,1.911831,4.488393,WECC/Rockies,19.11831,44.88393000000001
2036,1.862691,4.35819,WECC/Rockies,18.626910000000002,43.5819
2035,1.813208,4.227603,WECC/Rockies,18.13208,42.276030000000006
2034,1.768171,4.098876,WECC/Rockies,17.68171,40.98876
2033,1.718309,3.972916,WECC/Rockies,17.18309,39.72916
2032,1.66585,3.839456,WECC/Rockies,16.6585,38.39456
2031,1.611463,3.700464,WECC/Rockies,16.114630000000002,37.00464
2030,1.54004,3.558951,WECC/Rockies,15.400400000000001,35.58951
2029,1.472789,3.419465,WECC/Rockies,14.727889999999999,34.19465
2028,1.405111,3.280579,WECC/Rockies,14.05111,32.80579
2027,1.340026,3.141893,WECC/Rockies,13.40026,31.41893
2026,1.284233,3.003569,WECC/Rockies,12.84233,30.035690000000002
2025,1.207202,2.87216,WECC/Rockies,12.072020000000002,28.721600000000002
2024,1.118395,2.741576,WECC/Rockies,11.18395,27.41576
2023,1.05309,2.600329,WECC/Rockies,10.5309,26.00329
2022,1.012917,2.464787,WECC/Rockies,10.12917,24.647869999999998
2021,0.951381,2.450943,WECC/Rockies,9.51381,24.509430000000002
2020,,,WECC/Rockies,,
2050,2.653388,5.500423,PJM/Commonwealth Edison,26.53388,55.00422999999999
2049,2.601241,5.419687,PJM/Commonwealth Edison,26.01241,54.19687
2048,2.542736,5.315472,PJM/Commonwealth Edison,25.42736,53.15472
2047,2.483713,5.198874,PJM/Commonwealth Edison,24.83713,51.98874
2046,2.42233,5.081383,PJM/Commonwealth Edison,24.223300000000002,50.813829999999996
2045,2.364196,4.969741,PJM/Commonwealth Edison,23.64196,49.69741
2044,2.307876,4.853746,PJM/Commonwealth Edison,23.07876,48.53746
2043,2.256725,4.742594,PJM/Commonwealth Edison,22.567249999999998,47.425940000000004
2042,2.208425,4.63593,PJM/Commonwealth Edison,22.08425,46.359300000000005
2041,2.151166,4.53192,PJM/Commonwealth Edison,21.51166,45.3192
2040,2.08802,4.430338,PJM/Commonwealth Edison,20.880200000000002,44.30338
2039,2.030147,4.342298,PJM/Commonwealth Edison,20.30147,43.42298
2038,1.977654,4.262876,PJM/Commonwealth Edison,19.77654,42.62876
2037,1.926882,4.187845,PJM/Commonwealth Edison,19.268819999999998,41.87845
2036,1.877828,4.11573,PJM/Commonwealth Edison,18.778280000000002,41.1573
2035,1.829167,4.041619,PJM/Commonwealth Edison,18.29167,40.41619
2034,1.779009,3.947834,PJM/Commonwealth Edison,17.79009,39.478339999999996
2033,1.730055,3.846441,PJM/Commonwealth Edison,17.300549999999998,38.46441
2032,1.685513,3.741103,PJM/Commonwealth Edison,16.85513,37.41103
2031,1.643491,3.636971,PJM/Commonwealth Edison,16.434910000000002,36.36971
2030,1.602331,3.532502,PJM/Commonwealth Edison,16.02331,35.32502
2029,1.563046,3.43169,PJM/Commonwealth Edison,15.63046,34.316900000000004
2028,1.523173,3.333089,PJM/Commonwealth Edison,15.23173,33.330890000000004
2027,1.47584,3.430057,PJM/Commonwealth Edison,14.7584,34.30057
2026,1.427829,3.421385,PJM/Commonwealth Edison,14.27829,34.21385
2025,1.382403,3.123002,PJM/Commonwealth Edison,13.82403,31.23002
2024,1.338659,2.953279,PJM/Commonwealth Edison,13.38659,29.532790000000002
2023,1.287852,2.966233,PJM/Commonwealth Edison,12.87852,29.662329999999997
2022,1.258541,3.02049,PJM/Commonwealth Edison,12.58541,30.204900000000002
2021,1.242887,2.588892,PJM/Commonwealth Edison,12.42887,25.88892
2020,,,PJM/Commonwealth Edison,,
2050,3.270701,5.718615,Southwest Power Pool/Central,32.70701,57.18615
2049,3.187932,5.639837,Southwest Power Pool/Central,31.87932,56.39837
2048,3.104766,5.542696,Southwest Power Pool/Central,31.04766,55.42696
2047,3.023962,5.428497,Southwest Power Pool/Central,30.239620000000002,54.28497
2046,2.944674,5.309577,Southwest Power Pool/Central,29.44674,53.09577
2045,2.873107,5.188949,Southwest Power Pool/Central,28.731070000000003,51.88949
2044,2.80308,5.06617,Southwest Power Pool/Central,28.0308,50.661699999999996
2043,2.740487,4.952234,Southwest Power Pool/Central,27.40487,49.52234
2042,2.682456,4.840687,Southwest Power Pool/Central,26.82456,48.40687
2041,2.620099,4.73037,Southwest Power Pool/Central,26.20099,47.3037
2040,2.551315,4.626151,Southwest Power Pool/Central,25.513150000000003,46.26151
2039,2.470278,4.529777,Southwest Power Pool/Central,24.70278,45.29777
2038,2.402297,4.444185,Southwest Power Pool/Central,24.02297,44.44185
2037,2.336092,4.359472,Southwest Power Pool/Central,23.36092,43.59472
2036,2.263468,4.276434,Southwest Power Pool/Central,22.63468,42.764340000000004
2035,2.192446,4.194894,Southwest Power Pool/Central,21.92446,41.94893999999999
2034,2.12651,4.099523,Southwest Power Pool/Central,21.2651,40.99522999999999
2033,2.064379,3.993998,Southwest Power Pool/Central,20.643790000000003,39.93998
2032,2.014482,3.883316,Southwest Power Pool/Central,20.144820000000003,38.83316
2031,1.969977,3.773559,Southwest Power Pool/Central,19.69977,37.73559
2030,1.927026,3.664203,Southwest Power Pool/Central,19.27026,36.64203
2029,1.885687,3.557903,Southwest Power Pool/Central,18.85687,35.57903
2028,1.84604,3.452875,Southwest Power Pool/Central,18.4604,34.52875
2027,1.78852,3.34685,Southwest Power Pool/Central,17.8852,33.4685
2026,1.710798,3.241555,Southwest Power Pool/Central,17.10798,32.415549999999996
2025,1.628577,3.13178,Southwest Power Pool/Central,16.28577,31.3178
2024,1.565395,3.019973,Southwest Power Pool/Central,15.653950000000002,30.19973
2023,1.509512,2.864753,Southwest Power Pool/Central,15.09512,28.64753
2022,1.472437,2.722954,Southwest Power Pool/Central,14.72437,27.22954
2021,1.466542,3.250005,Southwest Power Pool/Central,14.665420000000001,32.50005
2020,,,Southwest Power Pool/Central,,
2050,7.598893,23.993481,NPCC/NYC & Long Island,75.98893000000001,239.93481
2049,7.485322,23.677179,NPCC/NYC & Long Island,74.85322,236.77178999999998
2048,7.355823,23.298038,NPCC/NYC & Long Island,73.55823,232.98037999999997
2047,7.216962,22.766842,NPCC/NYC & Long Island,72.16962,227.66842
2046,7.104676,22.335548,NPCC/NYC & Long Island,71.04676,223.35548
2045,6.959506,21.812431,NPCC/NYC & Long Island,69.59506,218.12431
2044,6.809852,21.264278,NPCC/NYC & Long Island,68.09852000000001,212.64278000000002
2043,6.694494,20.76269,NPCC/NYC & Long Island,66.94494,207.62689999999998
2042,6.555733,20.156502,NPCC/NYC & Long Island,65.55733000000001,201.56502
2041,6.435483,19.591011,NPCC/NYC & Long Island,64.35482999999999,195.91011000000003
2040,6.2823,19.078775,NPCC/NYC & Long Island,62.823,190.78775000000002
2039,6.116794,18.543015,NPCC/NYC & Long Island,61.167939999999994,185.43015
2038,5.971162,18.060781,NPCC/NYC & Long Island,59.711619999999996,180.60780999999997
2037,5.852969,17.642637,NPCC/NYC & Long Island,58.52969,176.42637000000002
2036,5.727676,17.216621,NPCC/NYC & Long Island,57.276759999999996,172.16621
2035,5.567519,16.807148,NPCC/NYC & Long Island,55.67519,168.07148
2034,5.219982,16.406487,NPCC/NYC & Long Island,52.19982,164.06486999999998
2033,4.980101,15.868267,NPCC/NYC & Long Island,49.801010000000005,158.68267
2032,4.813475,15.295051,NPCC/NYC & Long Island,48.134750000000004,152.95051
2031,4.669449,14.79695,NPCC/NYC & Long Island,46.69449,147.9695
2030,4.521636,14.275871,NPCC/NYC & Long Island,45.21636,142.75871
2029,4.349376,13.783337,NPCC/NYC & Long Island,43.49376,137.83337
2028,4.192543,13.274292,NPCC/NYC & Long Island,41.92543,132.74292
2027,4.043702,12.757383,NPCC/NYC & Long Island,40.43702,127.57383000000002
2026,3.830152,12.232244,NPCC/NYC & Long Island,38.30152,122.32244
2025,3.647409,11.73083,NPCC/NYC & Long Island,36.474090000000004,117.30829999999999
2024,3.492671,11.230215,NPCC/NYC & Long Island,34.92671,112.30215
2023,3.352849,10.766351,NPCC/NYC & Long Island,33.52849,107.66351
2022,3.054,9.731106,NPCC/NYC & Long Island,30.54,97.31106
2021,3.039484,8.480286,NPCC/NYC & Long Island,30.39484,84.80286
2020,,,NPCC/NYC & Long Island,,
2050,3.7977,3.195736,Texas Reliability Entity,37.977,31.95736
2049,3.721693,3.14554,Texas Reliability Entity,37.216930000000005,31.4554
2048,3.647184,3.087739,Texas Reliability Entity,36.47184,30.87739
2047,3.577794,3.016055,Texas Reliability Entity,35.77794,30.16055
2046,3.514103,2.950544,Texas Reliability Entity,35.14103,29.50544
2045,3.451894,2.89253,Texas Reliability Entity,34.51894,28.9253
2044,3.384883,2.830988,Texas Reliability Entity,33.84883,28.30988
2043,3.316539,2.766618,Texas Reliability Entity,33.16539,27.666179999999997
2042,3.252193,2.698116,Texas Reliability Entity,32.52193,26.981160000000003
2041,3.185874,2.631104,Texas Reliability Entity,31.85874,26.311040000000002
2040,3.104339,2.565263,Texas Reliability Entity,31.04339,25.65263
2039,3.018847,2.504134,Texas Reliability Entity,30.188470000000002,25.04134
2038,2.9368,2.4481,Texas Reliability Entity,29.368,24.481
2037,2.856041,2.393029,Texas Reliability Entity,28.560409999999997,23.93029
2036,2.783502,2.340232,Texas Reliability Entity,27.83502,23.40232
2035,2.720019,2.287105,Texas Reliability Entity,27.200190000000003,22.87105
2034,2.65394,2.231598,Texas Reliability Entity,26.5394,22.31598
2033,2.59403,2.170396,Texas Reliability Entity,25.9403,21.703960000000002
2032,2.537632,2.106137,Texas Reliability Entity,25.37632,21.06137
2031,2.488498,2.039081,Texas Reliability Entity,24.88498,20.39081
2030,2.43015,1.97224,Texas Reliability Entity,24.301499999999997,19.7224
2029,2.371571,1.905219,Texas Reliability Entity,23.715709999999998,19.05219
2028,2.312486,1.838116,Texas Reliability Entity,23.124859999999998,18.38116
2027,2.251883,1.771807,Texas Reliability Entity,22.518829999999998,17.718069999999997
2026,2.187218,1.704796,Texas Reliability Entity,21.87218,17.04796
2025,2.120283,1.638846,Texas Reliability Entity,21.202830000000002,16.388460000000002
2024,2.046416,1.574309,Texas Reliability Entity,20.46416,15.743089999999999
2023,1.977035,1.333433,Texas Reliability Entity,19.77035,13.334330000000001
2022,1.92032,0.775078,Texas Reliability Entity,19.2032,7.750780000000001
2021,1.828829,-0.345967,Texas Reliability Entity,18.28829,-3.45967
2020,,,Texas Reliability Entity,,
2050,2.024114,5.044046,PJM/Dominion,20.24114,50.44046
2049,1.973866,4.968545,PJM/Dominion,19.73866,49.685449999999996
2048,1.92239,4.892758,PJM/Dominion,19.2239,48.92758
2047,1.871032,4.783871,PJM/Dominion,18.71032,47.838710000000006
2046,1.823352,4.681333,PJM/Dominion,18.233520000000002,46.81333000000001
2045,1.776371,4.570025,PJM/Dominion,17.76371,45.700250000000004
2044,1.730268,4.447878,PJM/Dominion,17.30268,44.47878
2043,1.686392,4.330363,PJM/Dominion,16.86392,43.30363
2042,1.643487,4.213896,PJM/Dominion,16.43487,42.13896
2041,1.602663,4.100299,PJM/Dominion,16.02663,41.00299
2040,1.548333,3.990132,PJM/Dominion,15.483329999999999,39.90132
2039,1.49347,3.8794,PJM/Dominion,14.934700000000001,38.794
2038,1.440709,3.775536,PJM/Dominion,14.40709,37.755359999999996
2037,1.389552,3.675355,PJM/Dominion,13.89552,36.753550000000004
2036,1.33859,3.576373,PJM/Dominion,13.3859,35.763729999999995
2035,1.287737,3.477651,PJM/Dominion,12.877369999999999,34.77651
2034,1.237125,3.379117,PJM/Dominion,12.37125,33.79117
2033,1.185968,3.26958,PJM/Dominion,11.859679999999999,32.6958
2032,1.135576,3.152173,PJM/Dominion,11.35576,31.521729999999998
2031,1.086256,3.03742,PJM/Dominion,10.862560000000002,30.374200000000002
2030,1.037119,2.923331,PJM/Dominion,10.371189999999999,29.233310000000003
2029,0.98796,2.809282,PJM/Dominion,9.8796,28.09282
2028,0.939705,2.697684,PJM/Dominion,9.39705,26.976840000000003
2027,0.892127,2.588102,PJM/Dominion,8.92127,25.88102
2026,0.845914,2.482639,PJM/Dominion,8.459140000000001,24.826389999999996
2025,0.800538,2.379436,PJM/Dominion,8.005379999999999,23.79436
2024,0.757682,2.276798,PJM/Dominion,7.57682,22.767979999999998
2023,0.715525,2.169192,PJM/Dominion,7.15525,21.691919999999996
2022,0.676358,1.86405,PJM/Dominion,6.76358,18.6405
2021,0.638196,1.063303,PJM/Dominion,6.381959999999999,10.633030000000002
2020,,,PJM/Dominion,,
2050,2.315974,5.443618,SERC Reliability Corporation/East,23.159740000000003,54.43618
2049,2.254364,5.363613,SERC Reliability Corporation/East,22.543639999999996,53.63613
2048,2.191341,5.274969,SERC Reliability Corporation/East,21.91341,52.749689999999994
2047,2.125431,5.163636,SERC Reliability Corporation/East,21.254309999999997,51.63636
2046,2.059995,5.053387,SERC Reliability Corporation/East,20.59995,50.53387
2045,2.004622,4.934467,SERC Reliability Corporation/East,20.046219999999998,49.344669999999994
2044,1.945908,4.8129,SERC Reliability Corporation/East,19.45908,48.129
2043,1.892154,4.695187,SERC Reliability Corporation/East,18.92154,46.95187
2042,1.844218,4.58176,SERC Reliability Corporation/East,18.44218,45.8176
2041,1.793692,4.471927,SERC Reliability Corporation/East,17.93692,44.71927
2040,1.735731,4.364507,SERC Reliability Corporation/East,17.35731,43.64507
2039,1.677935,4.259326,SERC Reliability Corporation/East,16.77935,42.59326
2038,1.621128,4.167377,SERC Reliability Corporation/East,16.21128,41.673770000000005
2037,1.563667,4.07717,SERC Reliability Corporation/East,15.636669999999999,40.771699999999996
2036,1.507249,3.990209,SERC Reliability Corporation/East,15.07249,39.90209
2035,1.449248,3.902281,SERC Reliability Corporation/East,14.49248,39.02281
2034,1.390137,3.807204,SERC Reliability Corporation/East,13.90137,38.07204
2033,1.336188,3.692913,SERC Reliability Corporation/East,13.36188,36.92913
2032,1.28582,3.575506,SERC Reliability Corporation/East,12.8582,35.75506
2031,1.239037,3.46169,SERC Reliability Corporation/East,12.390369999999999,34.6169
2030,1.190948,3.348838,SERC Reliability Corporation/East,11.909479999999999,33.48838
2029,1.144053,3.235983,SERC Reliability Corporation/East,11.440529999999999,32.35983
2028,1.097554,3.123979,SERC Reliability Corporation/East,10.975539999999999,31.23979
2027,1.048286,3.01063,SERC Reliability Corporation/East,10.48286,30.106299999999997
2026,0.996005,2.899682,SERC Reliability Corporation/East,9.96005,28.99682
2025,0.945056,2.790316,SERC Reliability Corporation/East,9.45056,27.90316
2024,0.891493,2.677005,SERC Reliability Corporation/East,8.91493,26.770049999999998
2023,0.841735,2.533552,SERC Reliability Corporation/East,8.41735,25.33552
2022,0.810358,2.286555,SERC Reliability Corporation/East,8.103580000000001,22.86555
2021,0.771005,1.481495,SERC Reliability Corporation/East,7.710050000000001,14.81495
2020,,,SERC Reliability Corporation/East,,
2050,4.168881,17.295534,WECC/CA North,41.68881,172.95534
2049,4.006653,16.967766,WECC/CA North,40.06653,169.67766
2048,3.84481,16.601866,WECC/CA North,38.4481,166.01866
2047,3.714143,16.209475,WECC/CA North,37.14143,162.09475
2046,3.612069,15.822555,WECC/CA North,36.120689999999996,158.22555
2045,3.522066,15.44289,WECC/CA North,35.22066,154.4289
2044,3.427639,15.061259,WECC/CA North,34.27639,150.61259
2043,3.332261,14.687208,WECC/CA North,33.32261,146.87208
2042,3.233667,14.32995,WECC/CA North,32.33667,143.2995
2041,3.13572,13.984887,WECC/CA North,31.3572,139.84887
2040,3.03388,13.655239,WECC/CA North,30.3388,136.55239
2039,2.941728,13.352978,WECC/CA North,29.417279999999998,133.52978000000002
2038,2.863686,13.070713,WECC/CA North,28.63686,130.70713
2037,2.788878,12.77486,WECC/CA North,27.88878,127.74860000000001
2036,2.713188,12.474598,WECC/CA North,27.131880000000002,124.74598
2035,2.628301,12.167332,WECC/CA North,26.28301,121.67332
2034,2.548598,11.842794,WECC/CA North,25.48598,118.42793999999999
2033,2.480188,11.503148,WECC/CA North,24.80188,115.03147999999999
2032,2.425558,11.161743,WECC/CA North,24.255580000000002,111.61743
2031,2.340241,10.812473,WECC/CA North,23.402409999999996,108.12473
2030,2.239118,10.380666,WECC/CA North,22.39118,103.80666
2029,2.160648,9.933963,WECC/CA North,21.60648,99.33963
2028,2.102486,9.626416,WECC/CA North,21.024859999999997,96.26416
2027,2.041555,9.308495,WECC/CA North,20.415549999999996,93.08495
2026,1.967068,8.986692,WECC/CA North,19.67068,89.86692
2025,1.905127,8.282512,WECC/CA North,19.05127,82.82512
2024,1.857628,7.426174,WECC/CA North,18.57628,74.26174
2023,1.82089,7.813976,WECC/CA North,18.2089,78.13976
2022,1.79526,8.539959,WECC/CA North,17.9526,85.39958999999999
2021,1.740968,7.489439,WECC/CA North,17.40968,74.89439
2020,,,WECC/CA North,,
2050,4.734085,21.164619,WECC/CA South,47.34085,211.64619
2049,4.605737,20.757685,WECC/CA South,46.057370000000006,207.57684999999998
2048,4.480231,20.310921,WECC/CA South,44.80231,203.10921000000002
2047,4.357578,19.845524,WECC/CA South,43.57578,198.45524
2046,4.228218,19.369068,WECC/CA South,42.28218,193.69068
2045,4.090052,18.891302,WECC/CA South,40.90052,188.91302
2044,3.968005,18.406584,WECC/CA South,39.680049999999994,184.06583999999998
2043,3.844262,17.939194,WECC/CA South,38.44262,179.39194
2042,3.737384,17.490749,WECC/CA South,37.37384,174.90749
2041,3.623919,17.054955,WECC/CA South,36.23919,170.54955
2040,3.505172,16.635342,WECC/CA South,35.05172,166.35342000000003
2039,3.402322,16.243528,WECC/CA South,34.023219999999995,162.43528
2038,3.311967,15.871754,WECC/CA South,33.11967,158.71753999999999
2037,3.217601,15.480161,WECC/CA South,32.176010000000005,154.80161
2036,3.131603,15.077762,WECC/CA South,31.31603,150.77762
2035,3.049338,14.672975,WECC/CA South,30.493380000000002,146.72975
2034,2.967582,14.24913,WECC/CA South,29.67582,142.4913
2033,2.887664,13.807905,WECC/CA South,28.876640000000002,138.07905
2032,2.805806,13.361478,WECC/CA South,28.05806,133.61478
2031,2.720132,12.904129,WECC/CA South,27.20132,129.04129
2030,2.646883,12.328634,WECC/CA South,26.468829999999997,123.28634
2029,2.587486,11.763917,WECC/CA South,25.87486,117.63917
2028,2.523269,11.361747,WECC/CA South,25.232689999999998,113.61747
2027,2.440608,10.941429,WECC/CA South,24.406080000000003,109.41429
2026,2.352451,10.51442,WECC/CA South,23.52451,105.1442
2025,2.263002,9.527206,WECC/CA South,22.630020000000002,95.27206
2024,2.190713,8.515854,WECC/CA South,21.907130000000002,85.15853999999999
2023,2.128209,8.931623,WECC/CA South,21.28209,89.31623
2022,2.090886,9.548235,WECC/CA South,20.908859999999997,95.48235
2021,1.997889,7.997365,WECC/CA South,19.97889,79.97365
2020,,,WECC/CA South,,
2050,3.076892,6.290433,WECC/Basin,30.76892,62.90433
2049,2.994454,6.172687,WECC/Basin,29.944540000000003,61.72687
2048,2.921274,6.039882,WECC/Basin,29.21274,60.39882
2047,2.837212,5.896921,WECC/Basin,28.372120000000002,58.96921
2046,2.750792,5.746322,WECC/Basin,27.507920000000002,57.46322
2045,2.679983,5.587653,WECC/Basin,26.79983,55.87653
2044,2.615257,5.430569,WECC/Basin,26.15257,54.30569
2043,2.553223,5.280132,WECC/Basin,25.53223,52.801320000000004
2042,2.493913,5.137041,WECC/Basin,24.93913,51.37041
2041,2.426353,4.996746,WECC/Basin,24.263530000000003,49.96746
2040,2.351872,4.859115,WECC/Basin,23.518720000000002,48.59115
2039,2.280657,4.728824,WECC/Basin,22.80657,47.28824
2038,2.212833,4.607492,WECC/Basin,22.12833,46.07492
2037,2.126405,4.487788,WECC/Basin,21.26405,44.877880000000005
2036,2.04485,4.370389,WECC/Basin,20.4485,43.70389
2035,1.980475,4.254342,WECC/Basin,19.80475,42.543420000000005
2034,1.915833,4.126812,WECC/Basin,19.15833,41.26812
2033,1.854277,3.987139,WECC/Basin,18.54277,39.87139
2032,1.799746,3.848057,WECC/Basin,17.99746,38.48057
2031,1.751448,3.712397,WECC/Basin,17.51448,37.12397
2030,1.704178,3.578438,WECC/Basin,17.04178,35.78438
2029,1.657097,3.445616,WECC/Basin,16.57097,34.45616
2028,1.607842,3.314403,WECC/Basin,16.07842,33.14403
2027,1.55228,3.183196,WECC/Basin,15.5228,31.831960000000002
2026,1.483549,3.055393,WECC/Basin,14.83549,30.55393
2025,1.408293,2.926408,WECC/Basin,14.082930000000001,29.26408
2024,1.341525,2.793878,WECC/Basin,13.41525,27.938779999999998
2023,1.27919,2.651894,WECC/Basin,12.7919,26.51894
2022,1.24215,2.554929,WECC/Basin,12.421500000000002,25.54929
2021,1.20726,2.503977,WECC/Basin,12.0726,25.039769999999997
2020,,,WECC/Basin,,
2050,1.913918,5.305303,Midcontinent ISO/Central,19.13918,53.05303000000001
2049,1.875978,5.233016,Midcontinent ISO/Central,18.75978,52.33016
2048,1.837117,5.144323,Midcontinent ISO/Central,18.37117,51.44323
2047,1.796893,5.036784,Midcontinent ISO/Central,17.96893,50.36784
2046,1.757855,4.927426,Midcontinent ISO/Central,17.57855,49.27426
2045,1.720648,4.814186,Midcontinent ISO/Central,17.20648,48.14186
2044,1.684506,4.698927,Midcontinent ISO/Central,16.84506,46.989270000000005
2043,1.649578,4.587813,Midcontinent ISO/Central,16.49578,45.87813
2042,1.617482,4.479251,Midcontinent ISO/Central,16.17482,44.79250999999999
2041,1.578252,4.372241,Midcontinent ISO/Central,15.78252,43.722409999999996
2040,1.528947,4.26646,Midcontinent ISO/Central,15.289470000000001,42.66460000000001
2039,1.487526,4.166902,Midcontinent ISO/Central,14.875259999999999,41.66902
2038,1.450219,4.071819,Midcontinent ISO/Central,14.502189999999999,40.71818999999999
2037,1.416586,3.979006,Midcontinent ISO/Central,14.165859999999999,39.79006
2036,1.379765,3.890059,Midcontinent ISO/Central,13.797649999999999,38.90059
2035,1.343696,3.803082,Midcontinent ISO/Central,13.43696,38.03082
2034,1.307989,3.704876,Midcontinent ISO/Central,13.07989,37.04876
2033,1.274977,3.598055,Midcontinent ISO/Central,12.74977,35.98055
2032,1.247071,3.488128,Midcontinent ISO/Central,12.47071,34.881280000000004
2031,1.220511,3.379448,Midcontinent ISO/Central,12.20511,33.79448
2030,1.194067,3.270709,Midcontinent ISO/Central,11.94067,32.70709
2029,1.166113,3.164203,Midcontinent ISO/Central,11.66113,31.642030000000002
2028,1.137749,3.059409,Midcontinent ISO/Central,11.377489999999998,30.59409
2027,1.103278,2.980762,Midcontinent ISO/Central,11.032779999999999,29.80762
2026,1.065725,2.917855,Midcontinent ISO/Central,10.657250000000001,29.178549999999998
2025,1.031842,2.80143,Midcontinent ISO/Central,10.31842,28.0143
2024,0.987603,2.682765,Midcontinent ISO/Central,9.87603,26.82765
2023,0.939296,2.635965,Midcontinent ISO/Central,9.39296,26.359650000000002
2022,0.913575,2.664513,Midcontinent ISO/Central,9.13575,26.645129999999998
2021,0.890071,2.247262,Midcontinent ISO/Central,8.90071,22.47262
2020,,,Midcontinent ISO/Central,,
2050,3.382701,6.529502,Midcontinent ISO/East,33.82701,65.29502
2049,3.284751,6.402241,Midcontinent ISO/East,32.84751,64.02241000000001
2048,3.198558,6.258142,Midcontinent ISO/East,31.98558,62.58142
2047,3.111426,6.101641,Midcontinent ISO/East,31.114259999999998,61.01641
2046,3.036492,5.959051,Midcontinent ISO/East,30.364919999999998,59.590509999999995
2045,2.963584,5.827233,Midcontinent ISO/East,29.63584,58.27233
2044,2.895381,5.69912,Midcontinent ISO/East,28.95381,56.9912
2043,2.821632,5.57614,Midcontinent ISO/East,28.216320000000003,55.761399999999995
2042,2.754959,5.458562,Midcontinent ISO/East,27.54959,54.58562
2041,2.684287,5.336483,Midcontinent ISO/East,26.842869999999998,53.364830000000005
2040,2.615547,5.212234,Midcontinent ISO/East,26.155469999999998,52.122339999999994
2039,2.545722,5.096978,Midcontinent ISO/East,25.45722,50.96978
2038,2.484307,4.982561,Midcontinent ISO/East,24.843069999999997,49.82561
2037,2.423497,4.874846,Midcontinent ISO/East,24.234969999999997,48.748459999999994
2036,2.368824,4.769459,Midcontinent ISO/East,23.68824,47.694590000000005
2035,2.316847,4.659734,Midcontinent ISO/East,23.16847,46.59734
2034,2.260948,4.539363,Midcontinent ISO/East,22.609479999999998,45.39363
2033,2.208761,4.416981,Midcontinent ISO/East,22.087609999999998,44.16981
2032,2.161178,4.29707,Midcontinent ISO/East,21.61178,42.970699999999994
2031,2.11346,4.178472,Midcontinent ISO/East,21.1346,41.78472
2030,2.064599,4.059851,Midcontinent ISO/East,20.645989999999998,40.598510000000005
2029,2.016281,3.94393,Midcontinent ISO/East,20.16281,39.4393
2028,1.966914,3.829938,Midcontinent ISO/East,19.66914,38.29938
2027,1.915242,3.716179,Midcontinent ISO/East,19.15242,37.161789999999996
2026,1.863429,3.607396,Midcontinent ISO/East,18.63429,36.07396
2025,1.806093,3.506372,Midcontinent ISO/East,18.06093,35.063719999999996
2024,1.747386,3.408761,Midcontinent ISO/East,17.473860000000002,34.08761
2023,1.660676,3.403968,Midcontinent ISO/East,16.60676,34.03968
2022,1.605636,3.451045,Midcontinent ISO/East,16.05636,34.51045
2021,1.626096,2.594684,Midcontinent ISO/East,16.26096,25.94684
2020,,,Midcontinent ISO/East,,
2050,2.32604,4.812205,Southwest Power Pool/North,23.260399999999997,48.122049999999994
2049,2.290251,4.770584,Southwest Power Pool/North,22.90251,47.70584
2048,2.255572,4.722426,Southwest Power Pool/North,22.55572,47.224259999999994
2047,2.219807,4.636146,Southwest Power Pool/North,22.198069999999998,46.36146
2046,2.186633,4.535063,Southwest Power Pool/North,21.86633,45.35063
2045,2.155081,4.425297,Southwest Power Pool/North,21.55081,44.25297
2044,2.121551,4.317337,Southwest Power Pool/North,21.215510000000002,43.173370000000006
2043,2.087139,4.213377,Southwest Power Pool/North,20.87139,42.133770000000005
2042,2.057343,4.114649,Southwest Power Pool/North,20.57343,41.14649
2041,2.025507,4.017379,Southwest Power Pool/North,20.255070000000003,40.17379
2040,1.975542,3.920285,Southwest Power Pool/North,19.75542,39.20285
2039,1.92236,3.824116,Southwest Power Pool/North,19.2236,38.24116
2038,1.870446,3.726741,Southwest Power Pool/North,18.70446,37.26741
2037,1.819983,3.625953,Southwest Power Pool/North,18.19983,36.25953
2036,1.770824,3.527656,Southwest Power Pool/North,17.70824,35.276559999999996
2035,1.720166,3.427742,Southwest Power Pool/North,17.20166,34.27742
2034,1.670758,3.32539,Southwest Power Pool/North,16.70758,33.2539
2033,1.622561,3.214222,Southwest Power Pool/North,16.22561,32.14222
2032,1.575817,3.096871,Southwest Power Pool/North,15.75817,30.96871
2031,1.527385,2.980264,Southwest Power Pool/North,15.27385,29.80264
2030,1.476111,2.863075,Southwest Power Pool/North,14.761109999999999,28.63075
2029,1.430096,2.748353,Southwest Power Pool/North,14.30096,27.48353
2028,1.385842,2.63509,Southwest Power Pool/North,13.85842,26.3509
2027,1.338592,2.519086,Southwest Power Pool/North,13.38592,25.19086
2026,1.28873,2.402168,Southwest Power Pool/North,12.8873,24.02168
2025,1.223515,2.290233,Southwest Power Pool/North,12.235149999999999,22.902330000000003
2024,1.164868,2.180035,Southwest Power Pool/North,11.64868,21.80035
2023,1.114017,2.062733,Southwest Power Pool/North,11.140170000000001,20.62733
2022,1.039572,1.852336,Southwest Power Pool/North,10.395719999999999,18.52336
2021,1.042508,2.375201,Southwest Power Pool/North,10.42508,23.752010000000002
2020,,,Southwest Power Pool/North,,
2050,2.720238,6.453998,WECC/Southwest,27.20238,64.53998
2049,2.655334,6.331926,WECC/Southwest,26.55334,63.31926
2048,2.606839,6.200341,WECC/Southwest,26.06839,62.00341
2047,2.549746,6.051368,WECC/Southwest,25.497459999999997,60.51368
2046,2.491512,5.898511,WECC/Southwest,24.91512,58.98511
2045,2.441819,5.739364,WECC/Southwest,24.418190000000003,57.393640000000005
2044,2.390372,5.579068,WECC/Southwest,23.90372,55.79068
2043,2.337201,5.42467,WECC/Southwest,23.37201,54.2467
2042,2.28843,5.27684,WECC/Southwest,22.8843,52.7684
2041,2.230474,5.132005,WECC/Southwest,22.304740000000002,51.32005
2040,2.16196,4.991505,WECC/Southwest,21.619600000000002,49.91505
2039,2.100761,4.860222,WECC/Southwest,21.00761,48.60222
2038,2.048955,4.738926,WECC/Southwest,20.489549999999998,47.38926
2037,1.997315,4.62031,WECC/Southwest,19.97315,46.2031
2036,1.944617,4.506075,WECC/Southwest,19.446170000000002,45.06075
2035,1.893145,4.395603,WECC/Southwest,18.93145,43.956030000000005
2034,1.839481,4.27399,WECC/Southwest,18.39481,42.739900000000006
2033,1.773691,4.136991,WECC/Southwest,17.736909999999998,41.369910000000004
2032,1.691387,3.997772,WECC/Southwest,16.91387,39.97772
2031,1.625458,3.862043,WECC/Southwest,16.25458,38.62043
2030,1.58282,3.728614,WECC/Southwest,15.828199999999999,37.286139999999996
2029,1.546538,3.597289,WECC/Southwest,15.46538,35.97289
2028,1.511194,3.469226,WECC/Southwest,15.111939999999999,34.69226
2027,1.470933,3.342311,WECC/Southwest,14.709330000000001,33.42311
2026,1.427914,3.217081,WECC/Southwest,14.279139999999998,32.170809999999996
2025,1.335042,3.090432,WECC/Southwest,13.35042,30.90432
2024,1.232659,2.959611,WECC/Southwest,12.32659,29.596110000000003
2023,1.178282,2.839842,WECC/Southwest,11.782820000000001,28.39842
2022,1.145378,2.755804,WECC/Southwest,11.45378,27.55804
2021,1.092412,2.672388,WECC/Southwest,10.924119999999998,26.72388
2020,,,WECC/Southwest,,
2050,3.380829,5.234919,Midcontinent ISO/West,33.80829,52.34918999999999
2049,3.318181,5.181221,Midcontinent ISO/West,33.18181,51.81221
2048,3.253573,5.109351,Midcontinent ISO/West,32.53573,51.09351
2047,3.188117,5.006616,Midcontinent ISO/West,31.88117,50.06616
2046,3.126765,4.895413,Midcontinent ISO/West,31.267649999999996,48.95412999999999
2045,3.065424,4.783949,Midcontinent ISO/West,30.65424,47.83949
2044,3.004123,4.671247,Midcontinent ISO/West,30.04123,46.71247
2043,2.945706,4.562761,Midcontinent ISO/West,29.45706,45.627610000000004
2042,2.891852,4.459901,Midcontinent ISO/West,28.91852,44.59901000000001
2041,2.825255,4.358338,Midcontinent ISO/West,28.25255,43.58338
2040,2.744083,4.25672,Midcontinent ISO/West,27.44083,42.5672
2039,2.666234,4.157158,Midcontinent ISO/West,26.66234,41.57158
2038,2.59637,4.062559,Midcontinent ISO/West,25.9637,40.62559
2037,2.523333,3.967975,Midcontinent ISO/West,25.233330000000002,39.67975
2036,2.450179,3.875082,Midcontinent ISO/West,24.50179,38.75082
2035,2.375764,3.780143,Midcontinent ISO/West,23.757640000000002,37.801429999999996
2034,2.303237,3.67328,Midcontinent ISO/West,23.03237,36.7328
2033,2.232907,3.556193,Midcontinent ISO/West,22.32907,35.56193
2032,2.170821,3.437411,Midcontinent ISO/West,21.70821,34.37411
2031,2.112594,3.319916,Midcontinent ISO/West,21.12594,33.19916
2030,2.054264,3.202681,Midcontinent ISO/West,20.54264,32.02681
2029,1.998233,3.087868,Midcontinent ISO/West,19.982329999999997,30.87868
2028,1.941683,2.974823,Midcontinent ISO/West,19.41683,29.748230000000003
2027,1.878209,2.860538,Midcontinent ISO/West,18.78209,28.60538
2026,1.813097,2.749068,Midcontinent ISO/West,18.130969999999998,27.490679999999998
2025,1.741144,2.63989,Midcontinent ISO/West,17.41144,26.398899999999998
2024,1.668241,2.53053,Midcontinent ISO/West,16.68241,25.305300000000003
2023,1.590021,2.42434,Midcontinent ISO/West,15.90021,24.2434
2022,1.529573,2.351622,Midcontinent ISO/West,15.29573,23.516219999999997
2021,1.527763,2.369162,Midcontinent ISO/West,15.27763,23.69162
2020,,,Midcontinent ISO/West,,
2050,2.960165,6.121786,PJM/West,29.60165,61.21786
2049,2.905684,6.032057,PJM/West,29.05684,60.320570000000004
2048,2.842996,5.91853,PJM/West,28.429959999999998,59.1853
2047,2.779956,5.791793,PJM/West,27.79956,57.91793
2046,2.716895,5.661277,PJM/West,27.168950000000002,56.61277
2045,2.65619,5.531788,PJM/West,26.5619,55.317879999999995
2044,2.595744,5.395485,PJM/West,25.95744,53.95485
2043,2.540252,5.262321,PJM/West,25.402520000000003,52.62321
2042,2.487345,5.132625,PJM/West,24.87345,51.32625
2041,2.428966,5.00771,PJM/West,24.289659999999998,50.0771
2040,2.362162,4.880826,PJM/West,23.62162,48.80826
2039,2.303362,4.75805,PJM/West,23.03362,47.5805
2038,2.252603,4.647854,PJM/West,22.526030000000002,46.478539999999995
2037,2.204158,4.545054,PJM/West,22.04158,45.450540000000004
2036,2.157998,4.444713,PJM/West,21.57998,44.44713
2035,2.113513,4.345249,PJM/West,21.135130000000004,43.45249
2034,2.068688,4.228808,PJM/West,20.68688,42.28808
2033,2.020925,4.103694,PJM/West,20.20925,41.03694
2032,1.972465,3.973802,PJM/West,19.72465,39.73802
2031,1.930037,3.84677,PJM/West,19.30037,38.4677
2030,1.894795,3.720028,PJM/West,18.94795,37.20028
2029,1.837533,3.595623,PJM/West,18.37533,35.95623
2028,1.796777,3.471696,PJM/West,17.96777,34.71696
2027,1.731448,3.346295,PJM/West,17.31448,33.46295
2026,1.680891,3.225216,PJM/West,16.808909999999997,32.25216
2025,1.615226,3.10268,PJM/West,16.152260000000002,31.026799999999998
2024,1.559527,2.980316,PJM/West,15.595270000000001,29.803160000000002
2023,1.507256,2.921566,PJM/West,15.07256,29.21566
2022,1.47209,2.915858,PJM/West,14.720899999999999,29.15858
2021,1.456703,2.025522,PJM/West,14.56703,20.25522
2020,,,PJM/West,,
2050,2.737989,4.576223,Midcontinent ISO/South,27.379889999999996,45.762229999999995
2049,2.690334,4.509198,Midcontinent ISO/South,26.90334,45.09197999999999
2048,2.643732,4.434369,Midcontinent ISO/South,26.43732,44.34369
2047,2.600414,4.340857,Midcontinent ISO/South,26.00414,43.40857
2046,2.554309,4.247144,Midcontinent ISO/South,25.54309,42.471439999999994
2045,2.492465,4.150611,Midcontinent ISO/South,24.92465,41.50610999999999
2044,2.432561,4.05084,Midcontinent ISO/South,24.32561,40.5084
2043,2.383388,3.954463,Midcontinent ISO/South,23.83388,39.54463
2042,2.34195,3.861989,Midcontinent ISO/South,23.419500000000003,38.61989
2041,2.2983,3.771422,Midcontinent ISO/South,22.982999999999997,37.71422
2040,2.239725,3.681784,Midcontinent ISO/South,22.39725,36.81784
2039,2.180553,3.595227,Midcontinent ISO/South,21.80553,35.95227
2038,2.123797,3.512646,Midcontinent ISO/South,21.23797,35.12646
2037,2.064445,3.421058,Midcontinent ISO/South,20.64445,34.21058
2036,1.990457,3.327453,Midcontinent ISO/South,19.90457,33.27453
2035,1.907199,3.23291,Midcontinent ISO/South,19.07199,32.3291
2034,1.841387,3.136655,Midcontinent ISO/South,18.413870000000003,31.366550000000004
2033,1.769455,3.037024,Midcontinent ISO/South,17.69455,30.370240000000003
2032,1.680209,2.938538,Midcontinent ISO/South,16.80209,29.385379999999998
2031,1.617663,2.843511,Midcontinent ISO/South,16.17663,28.435109999999998
2030,1.56579,2.749355,Midcontinent ISO/South,15.6579,27.49355
2029,1.50912,2.653965,Midcontinent ISO/South,15.0912,26.539649999999998
2028,1.443211,2.557306,Midcontinent ISO/South,14.43211,25.57306
2027,1.372477,2.459582,Midcontinent ISO/South,13.72477,24.595820000000003
2026,1.291475,2.364636,Midcontinent ISO/South,12.91475,23.64636
2025,1.224412,2.272764,Midcontinent ISO/South,12.24412,22.72764
2024,1.157603,2.18013,Midcontinent ISO/South,11.57603,21.8013
2023,1.102665,2.019361,Midcontinent ISO/South,11.02665,20.19361
2022,1.070476,1.633347,Midcontinent ISO/South,10.70476,16.333470000000002
2021,1.027431,0.66895,Midcontinent ISO/South,10.27431,6.689500000000001
2020,,,Midcontinent ISO/South,,
2050,4.201728,11.629517,NPCC/Upstate NY,42.01728,116.29517
2049,4.144246,11.449139,NPCC/Upstate NY,41.44246,114.49139000000001
2048,4.085042,11.245771,NPCC/Upstate NY,40.85042,112.45770999999999
2047,3.999461,10.978609,NPCC/Upstate NY,39.99461,109.78609
2046,3.929331,10.750784,NPCC/Upstate NY,39.29331,107.50783999999999
2045,3.851883,10.483961,NPCC/Upstate NY,38.51883,104.83961000000001
2044,3.774502,10.204407,NPCC/Upstate NY,37.74502,102.04407
2043,3.70992,9.951155,NPCC/Upstate NY,37.099199999999996,99.51155
2042,3.639031,9.674201,NPCC/Upstate NY,36.39031,96.74201
2041,3.579625,9.409077,NPCC/Upstate NY,35.79625,94.09076999999999
2040,3.489814,9.163898,NPCC/Upstate NY,34.89814,91.63898
2039,3.390986,8.910775,NPCC/Upstate NY,33.909859999999995,89.10775
2038,3.306292,8.679324,NPCC/Upstate NY,33.06292,86.79324
2037,3.235703,8.472157,NPCC/Upstate NY,32.35703,84.72156999999999
2036,3.155292,8.263724,NPCC/Upstate NY,31.55292,82.63723999999999
2035,3.074919,8.059327,NPCC/Upstate NY,30.74919,80.59326999999999
2034,2.996392,7.85977,NPCC/Upstate NY,29.96392,78.5977
2033,2.91229,7.611377,NPCC/Upstate NY,29.1229,76.11377
2032,2.827308,7.350067,NPCC/Upstate NY,28.27308,73.50067
2031,2.758821,7.116658,NPCC/Upstate NY,27.588210000000004,71.16658
2030,2.681864,6.875587,NPCC/Upstate NY,26.818640000000002,68.75587
2029,2.608812,6.647955,NPCC/Upstate NY,26.08812,66.47954999999999
2028,2.520349,7.396208,NPCC/Upstate NY,25.20349,73.96208
2027,2.382573,7.062082,NPCC/Upstate NY,23.82573,70.62082000000001
2026,2.227497,6.715993,NPCC/Upstate NY,22.27497,67.15993
2025,2.116925,6.319765,NPCC/Upstate NY,21.16925,63.19765
2024,2.025703,5.885858,NPCC/Upstate NY,20.25703,58.858579999999996
2023,1.94002,5.595037,NPCC/Upstate NY,19.4002,55.95036999999999
2022,1.807674,4.568168,NPCC/Upstate NY,18.07674,45.68168
2021,1.77099,3.99861,NPCC/Upstate NY,17.7099,39.9861
2020,,,NPCC/Upstate NY,,
2050,3.950343,10.046255,PJM/East,39.50343,100.46255000000001
2049,3.898941,9.896932,PJM/East,38.98941,98.96932
2048,3.852412,9.702363,PJM/East,38.52412,97.02363
2047,3.809848,9.500313,PJM/East,38.09848,95.00313
2046,3.765181,9.285913,PJM/East,37.65181,92.85913000000001
2045,3.719308,9.046276,PJM/East,37.193079999999995,90.46276
2044,3.674616,8.814169,PJM/East,36.746159999999996,88.14169
2043,3.633982,8.585379,PJM/East,36.33982,85.85379
2042,3.592849,8.351707,PJM/East,35.928490000000004,83.51706999999999
2041,3.525288,8.132798,PJM/East,35.252880000000005,81.32798
2040,3.441121,7.921712,PJM/East,34.41121,79.21712000000001
2039,3.368084,7.716467,PJM/East,33.68084,77.16467
2038,3.295599,7.525034,PJM/East,32.95599,75.25034
2037,3.22254,7.340601,PJM/East,32.2254,73.40601000000001
2036,3.155336,7.153046,PJM/East,31.55336,71.53046
2035,3.079,6.974272,PJM/East,30.790000000000003,69.74272
2034,2.994898,6.777822,PJM/East,29.94898,67.77821999999999
2033,2.909997,6.552288,PJM/East,29.099970000000003,65.52288
2032,2.836964,6.323682,PJM/East,28.36964,63.236819999999994
2031,2.770682,6.108963,PJM/East,27.70682,61.08963
2030,2.687664,5.901731,PJM/East,26.87664,59.017309999999995
2029,2.599617,5.692977,PJM/East,25.99617,56.92977
2028,2.51058,5.480711,PJM/East,25.105800000000002,54.80711
2027,2.420341,5.256382,PJM/East,24.20341,52.56382000000001
2026,2.32425,5.021966,PJM/East,23.2425,50.21966
2025,2.221531,4.78248,PJM/East,22.215310000000002,47.824799999999996
2024,2.1166,4.55406,PJM/East,21.166,45.5406
2023,2.013277,4.174984,PJM/East,20.13277,41.749840000000006
2022,1.950159,3.858449,PJM/East,19.50159,38.584489999999995
2021,1.907258,2.847198,PJM/East,19.07258,28.471980000000002
2020,,,PJM/East,,
2050,2.695794,5.302461,SERC Reliability Corporation/Southeast,26.957939999999997,53.02461
2049,2.631953,5.216836,SERC Reliability Corporation/Southeast,26.31953,52.16836
2048,2.567912,5.123542,SERC Reliability Corporation/Southeast,25.67912,51.23542
2047,2.505106,5.009832,SERC Reliability Corporation/Southeast,25.05106,50.09832
2046,2.442802,4.897547,SERC Reliability Corporation/Southeast,24.42802,48.97547
2045,2.380304,4.781106,SERC Reliability Corporation/Southeast,23.803040000000003,47.811060000000005
2044,2.322983,4.664999,SERC Reliability Corporation/Southeast,23.22983,46.64999
2043,2.270803,4.553087,SERC Reliability Corporation/Southeast,22.70803,45.53086999999999
2042,2.22037,4.44545,SERC Reliability Corporation/Southeast,22.203699999999998,44.4545
2041,2.165965,4.340411,SERC Reliability Corporation/Southeast,21.65965,43.404109999999996
2040,2.099865,4.238132,SERC Reliability Corporation/Southeast,20.998649999999998,42.38132
2039,2.037004,4.141062,SERC Reliability Corporation/Southeast,20.37004,41.410619999999994
2038,1.979917,4.056572,SERC Reliability Corporation/Southeast,19.79917,40.56572
2037,1.926341,3.974566,SERC Reliability Corporation/Southeast,19.26341,39.74566
2036,1.86675,3.894772,SERC Reliability Corporation/Southeast,18.6675,38.947720000000004
2035,1.797032,3.814671,SERC Reliability Corporation/Southeast,17.97032,38.14671
2034,1.719658,3.728389,SERC Reliability Corporation/Southeast,17.196579999999997,37.28389
2033,1.628556,3.626271,SERC Reliability Corporation/Southeast,16.28556,36.26271
2032,1.538633,3.522236,SERC Reliability Corporation/Southeast,15.38633,35.22236
2031,1.474432,3.421052,SERC Reliability Corporation/Southeast,14.74432,34.21052
2030,1.424614,3.319952,SERC Reliability Corporation/Southeast,14.24614,33.19952
2029,1.377186,3.219518,SERC Reliability Corporation/Southeast,13.77186,32.19518
2028,1.315824,3.120354,SERC Reliability Corporation/Southeast,13.158240000000001,31.203539999999997
2027,1.236684,3.02127,SERC Reliability Corporation/Southeast,12.36684,30.212699999999998
2026,1.176122,2.926039,SERC Reliability Corporation/Southeast,11.761219999999998,29.260389999999997
2025,1.127637,2.835312,SERC Reliability Corporation/Southeast,11.27637,28.35312
2024,1.082142,2.740506,SERC Reliability Corporation/Southeast,10.82142,27.40506
2023,1.040023,2.702828,SERC Reliability Corporation/Southeast,10.400229999999999,27.02828
2022,1.009647,2.858294,SERC Reliability Corporation/Southeast,10.09647,28.58294
2021,0.963691,2.198732,SERC Reliability Corporation/Southeast,9.63691,21.98732
2020,,,SERC Reliability Corporation/Southeast,,
2050,2.275494,4.277923,SERC Reliability Corporation/Central,22.75494,42.779230000000005
2049,2.226826,4.178936,SERC Reliability Corporation/Central,22.268259999999998,41.78936
2048,2.147843,4.075864,SERC Reliability Corporation/Central,21.47843,40.75864
2047,2.078763,3.951486,SERC Reliability Corporation/Central,20.78763,39.51486
2046,2.022812,3.832637,SERC Reliability Corporation/Central,20.22812,38.32637
2045,1.979599,3.720426,SERC Reliability Corporation/Central,19.79599,37.20426
2044,1.939268,3.612718,SERC Reliability Corporation/Central,19.39268,36.12718
2043,1.880832,3.508634,SERC Reliability Corporation/Central,18.808320000000002,35.08634
2042,1.832289,3.40512,SERC Reliability Corporation/Central,18.32289,34.0512
2041,1.781201,3.304871,SERC Reliability Corporation/Central,17.81201,33.04871
2040,1.724429,3.205936,SERC Reliability Corporation/Central,17.24429,32.05936
2039,1.670292,3.101337,SERC Reliability Corporation/Central,16.702920000000002,31.013370000000002
2038,1.622878,3.007968,SERC Reliability Corporation/Central,16.22878,30.07968
2037,1.579269,2.918499,SERC Reliability Corporation/Central,15.79269,29.184990000000003
2036,1.537942,2.836146,SERC Reliability Corporation/Central,15.37942,28.361459999999997
2035,1.477882,2.742544,SERC Reliability Corporation/Central,14.77882,27.425440000000002
2034,1.421326,2.656215,SERC Reliability Corporation/Central,14.213260000000002,26.56215
2033,1.372122,2.566075,SERC Reliability Corporation/Central,13.72122,25.66075
2032,1.322048,2.477321,SERC Reliability Corporation/Central,13.220479999999998,24.77321
2031,1.281103,2.38588,SERC Reliability Corporation/Central,12.81103,23.8588
2030,1.241641,2.299185,SERC Reliability Corporation/Central,12.416409999999999,22.99185
2029,1.176969,2.212037,SERC Reliability Corporation/Central,11.769689999999999,22.12037
2028,1.110376,2.124836,SERC Reliability Corporation/Central,11.103760000000001,21.24836
2027,1.053495,2.038345,SERC Reliability Corporation/Central,10.53495,20.38345
2026,1.005742,1.954325,SERC Reliability Corporation/Central,10.057419999999999,19.54325
2025,0.964956,1.877408,SERC Reliability Corporation/Central,9.649560000000001,18.774079999999998
2024,0.924688,1.806763,SERC Reliability Corporation/Central,9.246879999999999,18.067629999999998
2023,0.893112,1.86318,SERC Reliability Corporation/Central,8.93112,18.631800000000002
2022,0.871485,2.794654,SERC Reliability Corporation/Central,8.71485,27.94654
2021,0.84067,2.435617,SERC Reliability Corporation/Central,8.4067,24.356170000000002
2020,,,SERC Reliability Corporation/Central,,
2050,2.603453,5.72027,Southwest Power Pool/South,26.03453,57.2027
2049,2.560814,5.634411,Southwest Power Pool/South,25.608140000000002,56.34411
2048,2.505609,5.539266,Southwest Power Pool/South,25.05609,55.39265999999999
2047,2.445742,5.420533,Southwest Power Pool/South,24.45742,54.20533
2046,2.397128,5.303058,Southwest Power Pool/South,23.97128,53.03058
2045,2.354931,5.181377,Southwest Power Pool/South,23.549310000000002,51.813770000000005
2044,2.304204,5.0526,Southwest Power Pool/South,23.04204,50.525999999999996
2043,2.255411,4.928662,Southwest Power Pool/South,22.55411,49.28662
2042,2.220063,4.809098,Southwest Power Pool/South,22.20063,48.090979999999995
2041,2.178699,4.691001,Southwest Power Pool/South,21.78699,46.91001
2040,2.117485,4.575383,Southwest Power Pool/South,21.17485,45.75383000000001
2039,2.067369,4.463245,Southwest Power Pool/South,20.673689999999997,44.63245
2038,2.030879,4.363812,Southwest Power Pool/South,20.308790000000002,43.63812
2037,1.987664,4.266595,Southwest Power Pool/South,19.876640000000002,42.665949999999995
2036,1.938825,4.170705,Southwest Power Pool/South,19.38825,41.707049999999995
2035,1.883863,4.07633,Southwest Power Pool/South,18.838630000000002,40.763299999999994
2034,1.818511,3.974982,Southwest Power Pool/South,18.18511,39.74982
2033,1.751643,3.856387,Southwest Power Pool/South,17.51643,38.563869999999994
2032,1.696849,3.731663,Southwest Power Pool/South,16.96849,37.31663
2031,1.664155,3.610963,Southwest Power Pool/South,16.641550000000002,36.109629999999996
2030,1.624373,3.491293,Southwest Power Pool/South,16.24373,34.91293
2029,1.57803,3.370047,Southwest Power Pool/South,15.7803,33.70047
2028,1.538252,3.247679,Southwest Power Pool/South,15.38252,32.47679
2027,1.484,3.123725,Southwest Power Pool/South,14.84,31.23725
2026,1.43008,3.002868,Southwest Power Pool/South,14.3008,30.028679999999998
2025,1.384719,2.883917,Southwest Power Pool/South,13.847190000000001,28.83917
2024,1.331717,2.763882,Southwest Power Pool/South,13.31717,27.638820000000003
2023,1.275006,2.544269,Southwest Power Pool/South,12.750060000000001,25.44269
2022,1.240487,1.989984,Southwest Power Pool/South,12.404869999999999,19.89984
2021,1.194999,1.003422,Southwest Power Pool/South,11.94999,10.034220000000001
2020,,,Southwest Power Pool/South,,
2050,3.355054,6.649887,WECC/Northwest Power Pool,33.55054,66.49887
2049,3.263141,6.526942,WECC/Northwest Power Pool,32.63141,65.26942
2048,3.17647,6.389666,WECC/Northwest Power Pool,31.7647,63.89666
2047,3.091104,6.235245,WECC/Northwest Power Pool,30.91104,62.35245
2046,2.995419,6.07954,WECC/Northwest Power Pool,29.95419,60.7954
2045,2.907239,5.917097,WECC/Northwest Power Pool,29.072390000000002,59.17097
2044,2.833145,5.75313,WECC/Northwest Power Pool,28.33145,57.531299999999995
2043,2.743104,5.589896,WECC/Northwest Power Pool,27.431040000000003,55.89896
2042,2.646462,5.434001,WECC/Northwest Power Pool,26.46462,54.34001000000001
2041,2.562965,5.285512,WECC/Northwest Power Pool,25.62965,52.85512
2040,2.468142,5.14416,WECC/Northwest Power Pool,24.68142,51.4416
2039,2.379757,5.006894,WECC/Northwest Power Pool,23.79757,50.06894
2038,2.308095,4.88336,WECC/Northwest Power Pool,23.080949999999998,48.8336
2037,2.237442,4.765858,WECC/Northwest Power Pool,22.37442,47.65858
2036,2.166588,4.652604,WECC/Northwest Power Pool,21.66588,46.52604
2035,2.097404,4.541414,WECC/Northwest Power Pool,20.974040000000002,45.414139999999996
2034,2.034437,4.415707,WECC/Northwest Power Pool,20.34437,44.157070000000004
2033,1.978154,4.27452,WECC/Northwest Power Pool,19.78154,42.7452
2032,1.91916,4.130099,WECC/Northwest Power Pool,19.1916,41.300990000000006
2031,1.867824,3.985856,WECC/Northwest Power Pool,18.67824,39.85856
2030,1.822085,3.843112,WECC/Northwest Power Pool,18.22085,38.43112
2029,1.778909,3.707339,WECC/Northwest Power Pool,17.78909,37.07339
2028,1.732742,3.573399,WECC/Northwest Power Pool,17.32742,35.733990000000006
2027,1.677619,3.437628,WECC/Northwest Power Pool,16.77619,34.37628
2026,1.614885,3.302653,WECC/Northwest Power Pool,16.14885,33.02653
2025,1.556989,3.17137,WECC/Northwest Power Pool,15.56989,31.7137
2024,1.506933,3.045885,WECC/Northwest Power Pool,15.06933,30.45885
2023,1.461072,3.303339,WECC/Northwest Power Pool,14.610719999999999,33.03339
2022,1.423473,4.042295,WECC/Northwest Power Pool,14.234729999999999,40.42295
2021,1.348044,4.544669,WECC/Northwest Power Pool,13.48044,45.44669
2020,,,WECC/Northwest Power Pool,,
