region_code,time,load_GW
AK,2045-01-01 00:00:00,0.7
AK,2045-01-01 01:00:00,0.7
AK,2045-01-01 02:00:00,0.7
AK,2045-01-01 03:00:00,0.7
AK,2045-01-01 04:00:00,0.7
AK,2045-01-01 05:00:00,0.7
AK,2045-01-01 06:00:00,0.7
AK,2045-01-01 07:00:00,0.7
AK,2045-01-01 08:00:00,0.7
AK,2045-01-01 09:00:00,0.7
AK,2045-01-01 10:00:00,0.7
AK,2045-01-01 11:00:00,0.7
AK,2045-01-01 12:00:00,0.7
AK,2045-01-01 13:00:00,0.7
AK,2045-01-01 14:00:00,0.7
AK,2045-01-01 15:00:00,0.7
AK,2045-01-01 16:00:00,0.7
AK,2045-01-01 17:00:00,0.7
AK,2045-01-01 18:00:00,0.7
AK,2045-01-01 19:00:00,0.7
AK,2045-01-01 20:00:00,0.7
AK,2045-01-01 21:00:00,0.7
AK,2045-01-01 22:00:00,0.7
AK,2045-01-01 23:00:00,0.7
AL,2045-01-01 00:00:00,2.0
AL,2045-01-01 01:00:00,2.0
AL,2045-01-01 02:00:00,2.0
AL,2045-01-01 03:00:00,2.0
AL,2045-01-01 04:00:00,2.0
AL,2045-01-01 05:00:00,2.0
AL,2045-01-01 06:00:00,2.0
AL,2045-01-01 07:00:00,2.0
AL,2045-01-01 08:00:00,2.0
AL,2045-01-01 09:00:00,2.0
AL,2045-01-01 10:00:00,2.0
AL,2045-01-01 11:00:00,2.0
AL,2045-01-01 12:00:00,2.0
AL,2045-01-01 13:00:00,2.0
AL,2045-01-01 14:00:00,2.0
AL,2045-01-01 15:00:00,2.0
AL,2045-01-01 16:00:00,2.0
AL,2045-01-01 17:00:00,2.0
AL,2045-01-01 18:00:00,2.0
AL,2045-01-01 19:00:00,2.0
AL,2045-01-01 20:00:00,2.0
AL,2045-01-01 21:00:00,2.0
AL,2045-01-01 22:00:00,2.0
AL,2045-01-01 23:00:00,2.0
AR,2045-01-01 00:00:00,0.0
AR,2045-01-01 01:00:00,0.0
AR,2045-01-01 02:00:00,0.0
AR,2045-01-01 03:00:00,0.0
AR,2045-01-01 04:00:00,0.0
AR,2045-01-01 05:00:00,0.0
AR,2045-01-01 06:00:00,0.0
AR,2045-01-01 07:00:00,0.0
AR,2045-01-01 08:00:00,0.0
AR,2045-01-01 09:00:00,0.0
AR,2045-01-01 10:00:00,0.0
AR,2045-01-01 11:00:00,0.0
AR,2045-01-01 12:00:00,0.0
AR,2045-01-01 13:00:00,0.0
AR,2045-01-01 14:00:00,0.0
AR,2045-01-01 15:00:00,0.0
AR,2045-01-01 16:00:00,0.0
AR,2045-01-01 17:00:00,0.0
AR,2045-01-01 18:00:00,0.0
AR,2045-01-01 19:00:00,0.0
AR,2045-01-01 20:00:00,0.0
AR,2045-01-01 21:00:00,0.0
AR,2045-01-01 22:00:00,0.0
AR,2045-01-01 23:00:00,0.0
AZ,2045-01-01 00:00:00,1.6
AZ,2045-01-01 01:00:00,1.6
AZ,2045-01-01 02:00:00,1.6
AZ,2045-01-01 03:00:00,1.6
AZ,2045-01-01 04:00:00,1.6
AZ,2045-01-01 05:00:00,1.6
AZ,2045-01-01 06:00:00,1.6
AZ,2045-01-01 07:00:00,1.6
AZ,2045-01-01 08:00:00,1.6
AZ,2045-01-01 09:00:00,1.6
AZ,2045-01-01 10:00:00,1.6
AZ,2045-01-01 11:00:00,1.6
AZ,2045-01-01 12:00:00,1.6
AZ,2045-01-01 13:00:00,1.6
AZ,2045-01-01 14:00:00,1.6
AZ,2045-01-01 15:00:00,1.6
AZ,2045-01-01 16:00:00,1.6
AZ,2045-01-01 17:00:00,1.6
AZ,2045-01-01 18:00:00,1.6
AZ,2045-01-01 19:00:00,1.6
AZ,2045-01-01 20:00:00,1.6
AZ,2045-01-01 21:00:00,1.6
AZ,2045-01-01 22:00:00,1.6
AZ,2045-01-01 23:00:00,1.6
CA,2045-01-01 00:00:00,14.7
CA,2045-01-01 01:00:00,14.7
CA,2045-01-01 02:00:00,14.7
CA,2045-01-01 03:00:00,14.7
CA,2045-01-01 04:00:00,14.7
CA,2045-01-01 05:00:00,14.7
CA,2045-01-01 06:00:00,14.7
CA,2045-01-01 07:00:00,14.7
CA,2045-01-01 08:00:00,14.7
CA,2045-01-01 09:00:00,14.7
CA,2045-01-01 10:00:00,14.7
CA,2045-01-01 11:00:00,14.7
CA,2045-01-01 12:00:00,14.7
CA,2045-01-01 13:00:00,14.7
CA,2045-01-01 14:00:00,14.7
CA,2045-01-01 15:00:00,14.7
CA,2045-01-01 16:00:00,14.7
CA,2045-01-01 17:00:00,14.7
CA,2045-01-01 18:00:00,14.7
CA,2045-01-01 19:00:00,14.7
CA,2045-01-01 20:00:00,14.7
CA,2045-01-01 21:00:00,14.7
CA,2045-01-01 22:00:00,14.7
CA,2045-01-01 23:00:00,14.7
CO,2045-01-01 00:00:00,0.0
CO,2045-01-01 01:00:00,0.0
CO,2045-01-01 02:00:00,0.0
CO,2045-01-01 03:00:00,0.0
CO,2045-01-01 04:00:00,0.0
CO,2045-01-01 05:00:00,0.0
CO,2045-01-01 06:00:00,0.0
CO,2045-01-01 07:00:00,0.0
CO,2045-01-01 08:00:00,0.0
CO,2045-01-01 09:00:00,0.0
CO,2045-01-01 10:00:00,0.0
CO,2045-01-01 11:00:00,0.0
CO,2045-01-01 12:00:00,0.0
CO,2045-01-01 13:00:00,0.0
CO,2045-01-01 14:00:00,0.0
CO,2045-01-01 15:00:00,0.0
CO,2045-01-01 16:00:00,0.0
CO,2045-01-01 17:00:00,0.0
CO,2045-01-01 18:00:00,0.0
CO,2045-01-01 19:00:00,0.0
CO,2045-01-01 20:00:00,0.0
CO,2045-01-01 21:00:00,0.0
CO,2045-01-01 22:00:00,0.0
CO,2045-01-01 23:00:00,0.0
CT,2045-01-01 00:00:00,0.0
CT,2045-01-01 01:00:00,0.0
CT,2045-01-01 02:00:00,0.0
CT,2045-01-01 03:00:00,0.0
CT,2045-01-01 04:00:00,0.0
CT,2045-01-01 05:00:00,0.0
CT,2045-01-01 06:00:00,0.0
CT,2045-01-01 07:00:00,0.0
CT,2045-01-01 08:00:00,0.0
CT,2045-01-01 09:00:00,0.0
CT,2045-01-01 10:00:00,0.0
CT,2045-01-01 11:00:00,0.0
CT,2045-01-01 12:00:00,0.0
CT,2045-01-01 13:00:00,0.0
CT,2045-01-01 14:00:00,0.0
CT,2045-01-01 15:00:00,0.0
CT,2045-01-01 16:00:00,0.0
CT,2045-01-01 17:00:00,0.0
CT,2045-01-01 18:00:00,0.0
CT,2045-01-01 19:00:00,0.0
CT,2045-01-01 20:00:00,0.0
CT,2045-01-01 21:00:00,0.0
CT,2045-01-01 22:00:00,0.0
CT,2045-01-01 23:00:00,0.0
DE,2045-01-01 00:00:00,0.0
DE,2045-01-01 01:00:00,0.0
DE,2045-01-01 02:00:00,0.0
DE,2045-01-01 03:00:00,0.0
DE,2045-01-01 04:00:00,0.0
DE,2045-01-01 05:00:00,0.0
DE,2045-01-01 06:00:00,0.0
DE,2045-01-01 07:00:00,0.0
DE,2045-01-01 08:00:00,0.0
DE,2045-01-01 09:00:00,0.0
DE,2045-01-01 10:00:00,0.0
DE,2045-01-01 11:00:00,0.0
DE,2045-01-01 12:00:00,0.0
DE,2045-01-01 13:00:00,0.0
DE,2045-01-01 14:00:00,0.0
DE,2045-01-01 15:00:00,0.0
DE,2045-01-01 16:00:00,0.0
DE,2045-01-01 17:00:00,0.0
DE,2045-01-01 18:00:00,0.0
DE,2045-01-01 19:00:00,0.0
DE,2045-01-01 20:00:00,0.0
DE,2045-01-01 21:00:00,0.0
DE,2045-01-01 22:00:00,0.0
DE,2045-01-01 23:00:00,0.0
FL,2045-01-01 00:00:00,0.0
FL,2045-01-01 01:00:00,0.0
FL,2045-01-01 02:00:00,0.0
FL,2045-01-01 03:00:00,0.0
FL,2045-01-01 04:00:00,0.0
FL,2045-01-01 05:00:00,0.0
FL,2045-01-01 06:00:00,0.0
FL,2045-01-01 07:00:00,0.0
FL,2045-01-01 08:00:00,0.0
FL,2045-01-01 09:00:00,0.0
FL,2045-01-01 10:00:00,0.0
FL,2045-01-01 11:00:00,0.0
FL,2045-01-01 12:00:00,0.0
FL,2045-01-01 13:00:00,0.0
FL,2045-01-01 14:00:00,0.0
FL,2045-01-01 15:00:00,0.0
FL,2045-01-01 16:00:00,0.0
FL,2045-01-01 17:00:00,0.0
FL,2045-01-01 18:00:00,0.0
FL,2045-01-01 19:00:00,0.0
FL,2045-01-01 20:00:00,0.0
FL,2045-01-01 21:00:00,0.0
FL,2045-01-01 22:00:00,0.0
FL,2045-01-01 23:00:00,0.0
GA,2045-01-01 00:00:00,11.5
GA,2045-01-01 01:00:00,11.5
GA,2045-01-01 02:00:00,11.5
GA,2045-01-01 03:00:00,11.5
GA,2045-01-01 04:00:00,11.5
GA,2045-01-01 05:00:00,11.5
GA,2045-01-01 06:00:00,11.5
GA,2045-01-01 07:00:00,11.5
GA,2045-01-01 08:00:00,11.5
GA,2045-01-01 09:00:00,11.5
GA,2045-01-01 10:00:00,11.5
GA,2045-01-01 11:00:00,11.5
GA,2045-01-01 12:00:00,11.5
GA,2045-01-01 13:00:00,11.5
GA,2045-01-01 14:00:00,11.5
GA,2045-01-01 15:00:00,11.5
GA,2045-01-01 16:00:00,11.5
GA,2045-01-01 17:00:00,11.5
GA,2045-01-01 18:00:00,11.5
GA,2045-01-01 19:00:00,11.5
GA,2045-01-01 20:00:00,11.5
GA,2045-01-01 21:00:00,11.5
GA,2045-01-01 22:00:00,11.5
GA,2045-01-01 23:00:00,11.5
HI,2045-01-01 00:00:00,0.7
HI,2045-01-01 01:00:00,0.7
HI,2045-01-01 02:00:00,0.7
HI,2045-01-01 03:00:00,0.7
HI,2045-01-01 04:00:00,0.7
HI,2045-01-01 05:00:00,0.7
HI,2045-01-01 06:00:00,0.7
HI,2045-01-01 07:00:00,0.7
HI,2045-01-01 08:00:00,0.7
HI,2045-01-01 09:00:00,0.7
HI,2045-01-01 10:00:00,0.7
HI,2045-01-01 11:00:00,0.7
HI,2045-01-01 12:00:00,0.7
HI,2045-01-01 13:00:00,0.7
HI,2045-01-01 14:00:00,0.7
HI,2045-01-01 15:00:00,0.7
HI,2045-01-01 16:00:00,0.7
HI,2045-01-01 17:00:00,0.7
HI,2045-01-01 18:00:00,0.7
HI,2045-01-01 19:00:00,0.7
HI,2045-01-01 20:00:00,0.7
HI,2045-01-01 21:00:00,0.7
HI,2045-01-01 22:00:00,0.7
HI,2045-01-01 23:00:00,0.7
IA,2045-01-01 00:00:00,0.0
IA,2045-01-01 01:00:00,0.0
IA,2045-01-01 02:00:00,0.0
IA,2045-01-01 03:00:00,0.0
IA,2045-01-01 04:00:00,0.0
IA,2045-01-01 05:00:00,0.0
IA,2045-01-01 06:00:00,0.0
IA,2045-01-01 07:00:00,0.0
IA,2045-01-01 08:00:00,0.0
IA,2045-01-01 09:00:00,0.0
IA,2045-01-01 10:00:00,0.0
IA,2045-01-01 11:00:00,0.0
IA,2045-01-01 12:00:00,0.0
IA,2045-01-01 13:00:00,0.0
IA,2045-01-01 14:00:00,0.0
IA,2045-01-01 15:00:00,0.0
IA,2045-01-01 16:00:00,0.0
IA,2045-01-01 17:00:00,0.0
IA,2045-01-01 18:00:00,0.0
IA,2045-01-01 19:00:00,0.0
IA,2045-01-01 20:00:00,0.0
IA,2045-01-01 21:00:00,0.0
IA,2045-01-01 22:00:00,0.0
IA,2045-01-01 23:00:00,0.0
ID,2045-01-01 00:00:00,0.0
ID,2045-01-01 01:00:00,0.0
ID,2045-01-01 02:00:00,0.0
ID,2045-01-01 03:00:00,0.0
ID,2045-01-01 04:00:00,0.0
ID,2045-01-01 05:00:00,0.0
ID,2045-01-01 06:00:00,0.0
ID,2045-01-01 07:00:00,0.0
ID,2045-01-01 08:00:00,0.0
ID,2045-01-01 09:00:00,0.0
ID,2045-01-01 10:00:00,0.0
ID,2045-01-01 11:00:00,0.0
ID,2045-01-01 12:00:00,0.0
ID,2045-01-01 13:00:00,0.0
ID,2045-01-01 14:00:00,0.0
ID,2045-01-01 15:00:00,0.0
ID,2045-01-01 16:00:00,0.0
ID,2045-01-01 17:00:00,0.0
ID,2045-01-01 18:00:00,0.0
ID,2045-01-01 19:00:00,0.0
ID,2045-01-01 20:00:00,0.0
ID,2045-01-01 21:00:00,0.0
ID,2045-01-01 22:00:00,0.0
ID,2045-01-01 23:00:00,0.0
IL,2045-01-01 00:00:00,9.8
IL,2045-01-01 01:00:00,9.8
IL,2045-01-01 02:00:00,9.8
IL,2045-01-01 03:00:00,9.8
IL,2045-01-01 04:00:00,9.8
IL,2045-01-01 05:00:00,9.8
IL,2045-01-01 06:00:00,9.8
IL,2045-01-01 07:00:00,9.8
IL,2045-01-01 08:00:00,9.8
IL,2045-01-01 09:00:00,9.8
IL,2045-01-01 10:00:00,9.8
IL,2045-01-01 11:00:00,9.8
IL,2045-01-01 12:00:00,9.8
IL,2045-01-01 13:00:00,9.8
IL,2045-01-01 14:00:00,9.8
IL,2045-01-01 15:00:00,9.8
IL,2045-01-01 16:00:00,9.8
IL,2045-01-01 17:00:00,9.8
IL,2045-01-01 18:00:00,9.8
IL,2045-01-01 19:00:00,9.8
IL,2045-01-01 20:00:00,9.8
IL,2045-01-01 21:00:00,9.8
IL,2045-01-01 22:00:00,9.8
IL,2045-01-01 23:00:00,9.8
IN,2045-01-01 00:00:00,0.0
IN,2045-01-01 01:00:00,0.0
IN,2045-01-01 02:00:00,0.0
IN,2045-01-01 03:00:00,0.0
IN,2045-01-01 04:00:00,0.0
IN,2045-01-01 05:00:00,0.0
IN,2045-01-01 06:00:00,0.0
IN,2045-01-01 07:00:00,0.0
IN,2045-01-01 08:00:00,0.0
IN,2045-01-01 09:00:00,0.0
IN,2045-01-01 10:00:00,0.0
IN,2045-01-01 11:00:00,0.0
IN,2045-01-01 12:00:00,0.0
IN,2045-01-01 13:00:00,0.0
IN,2045-01-01 14:00:00,0.0
IN,2045-01-01 15:00:00,0.0
IN,2045-01-01 16:00:00,0.0
IN,2045-01-01 17:00:00,0.0
IN,2045-01-01 18:00:00,0.0
IN,2045-01-01 19:00:00,0.0
IN,2045-01-01 20:00:00,0.0
IN,2045-01-01 21:00:00,0.0
IN,2045-01-01 22:00:00,0.0
IN,2045-01-01 23:00:00,0.0
KS,2045-01-01 00:00:00,0.0
KS,2045-01-01 01:00:00,0.0
KS,2045-01-01 02:00:00,0.0
KS,2045-01-01 03:00:00,0.0
KS,2045-01-01 04:00:00,0.0
KS,2045-01-01 05:00:00,0.0
KS,2045-01-01 06:00:00,0.0
KS,2045-01-01 07:00:00,0.0
KS,2045-01-01 08:00:00,0.0
KS,2045-01-01 09:00:00,0.0
KS,2045-01-01 10:00:00,0.0
KS,2045-01-01 11:00:00,0.0
KS,2045-01-01 12:00:00,0.0
KS,2045-01-01 13:00:00,0.0
KS,2045-01-01 14:00:00,0.0
KS,2045-01-01 15:00:00,0.0
KS,2045-01-01 16:00:00,0.0
KS,2045-01-01 17:00:00,0.0
KS,2045-01-01 18:00:00,0.0
KS,2045-01-01 19:00:00,0.0
KS,2045-01-01 20:00:00,0.0
KS,2045-01-01 21:00:00,0.0
KS,2045-01-01 22:00:00,0.0
KS,2045-01-01 23:00:00,0.0
KY,2045-01-01 00:00:00,0.0
KY,2045-01-01 01:00:00,0.0
KY,2045-01-01 02:00:00,0.0
KY,2045-01-01 03:00:00,0.0
KY,2045-01-01 04:00:00,0.0
KY,2045-01-01 05:00:00,0.0
KY,2045-01-01 06:00:00,0.0
KY,2045-01-01 07:00:00,0.0
KY,2045-01-01 08:00:00,0.0
KY,2045-01-01 09:00:00,0.0
KY,2045-01-01 10:00:00,0.0
KY,2045-01-01 11:00:00,0.0
KY,2045-01-01 12:00:00,0.0
KY,2045-01-01 13:00:00,0.0
KY,2045-01-01 14:00:00,0.0
KY,2045-01-01 15:00:00,0.0
KY,2045-01-01 16:00:00,0.0
KY,2045-01-01 17:00:00,0.0
KY,2045-01-01 18:00:00,0.0
KY,2045-01-01 19:00:00,0.0
KY,2045-01-01 20:00:00,0.0
KY,2045-01-01 21:00:00,0.0
KY,2045-01-01 22:00:00,0.0
KY,2045-01-01 23:00:00,0.0
LA,2045-01-01 00:00:00,0.0
LA,2045-01-01 01:00:00,0.0
LA,2045-01-01 02:00:00,0.0
LA,2045-01-01 03:00:00,0.0
LA,2045-01-01 04:00:00,0.0
LA,2045-01-01 05:00:00,0.0
LA,2045-01-01 06:00:00,0.0
LA,2045-01-01 07:00:00,0.0
LA,2045-01-01 08:00:00,0.0
LA,2045-01-01 09:00:00,0.0
LA,2045-01-01 10:00:00,0.0
LA,2045-01-01 11:00:00,0.0
LA,2045-01-01 12:00:00,0.0
LA,2045-01-01 13:00:00,0.0
LA,2045-01-01 14:00:00,0.0
LA,2045-01-01 15:00:00,0.0
LA,2045-01-01 16:00:00,0.0
LA,2045-01-01 17:00:00,0.0
LA,2045-01-01 18:00:00,0.0
LA,2045-01-01 19:00:00,0.0
LA,2045-01-01 20:00:00,0.0
LA,2045-01-01 21:00:00,0.0
LA,2045-01-01 22:00:00,0.0
LA,2045-01-01 23:00:00,0.0
MA,2045-01-01 00:00:00,0.0
MA,2045-01-01 01:00:00,0.0
MA,2045-01-01 02:00:00,0.0
MA,2045-01-01 03:00:00,0.0
MA,2045-01-01 04:00:00,0.0
MA,2045-01-01 05:00:00,0.0
MA,2045-01-01 06:00:00,0.0
MA,2045-01-01 07:00:00,0.0
MA,2045-01-01 08:00:00,0.0
MA,2045-01-01 09:00:00,0.0
MA,2045-01-01 10:00:00,0.0
MA,2045-01-01 11:00:00,0.0
MA,2045-01-01 12:00:00,0.0
MA,2045-01-01 13:00:00,0.0
MA,2045-01-01 14:00:00,0.0
MA,2045-01-01 15:00:00,0.0
MA,2045-01-01 16:00:00,0.0
MA,2045-01-01 17:00:00,0.0
MA,2045-01-01 18:00:00,0.0
MA,2045-01-01 19:00:00,0.0
MA,2045-01-01 20:00:00,0.0
MA,2045-01-01 21:00:00,0.0
MA,2045-01-01 22:00:00,0.0
MA,2045-01-01 23:00:00,0.0
MD,2045-01-01 00:00:00,0.0
MD,2045-01-01 01:00:00,0.0
MD,2045-01-01 02:00:00,0.0
MD,2045-01-01 03:00:00,0.0
MD,2045-01-01 04:00:00,0.0
MD,2045-01-01 05:00:00,0.0
MD,2045-01-01 06:00:00,0.0
MD,2045-01-01 07:00:00,0.0
MD,2045-01-01 08:00:00,0.0
MD,2045-01-01 09:00:00,0.0
MD,2045-01-01 10:00:00,0.0
MD,2045-01-01 11:00:00,0.0
MD,2045-01-01 12:00:00,0.0
MD,2045-01-01 13:00:00,0.0
MD,2045-01-01 14:00:00,0.0
MD,2045-01-01 15:00:00,0.0
MD,2045-01-01 16:00:00,0.0
MD,2045-01-01 17:00:00,0.0
MD,2045-01-01 18:00:00,0.0
MD,2045-01-01 19:00:00,0.0
MD,2045-01-01 20:00:00,0.0
MD,2045-01-01 21:00:00,0.0
MD,2045-01-01 22:00:00,0.0
MD,2045-01-01 23:00:00,0.0
ME,2045-01-01 00:00:00,0.0
ME,2045-01-01 01:00:00,0.0
ME,2045-01-01 02:00:00,0.0
ME,2045-01-01 03:00:00,0.0
ME,2045-01-01 04:00:00,0.0
ME,2045-01-01 05:00:00,0.0
ME,2045-01-01 06:00:00,0.0
ME,2045-01-01 07:00:00,0.0
ME,2045-01-01 08:00:00,0.0
ME,2045-01-01 09:00:00,0.0
ME,2045-01-01 10:00:00,0.0
ME,2045-01-01 11:00:00,0.0
ME,2045-01-01 12:00:00,0.0
ME,2045-01-01 13:00:00,0.0
ME,2045-01-01 14:00:00,0.0
ME,2045-01-01 15:00:00,0.0
ME,2045-01-01 16:00:00,0.0
ME,2045-01-01 17:00:00,0.0
ME,2045-01-01 18:00:00,0.0
ME,2045-01-01 19:00:00,0.0
ME,2045-01-01 20:00:00,0.0
ME,2045-01-01 21:00:00,0.0
ME,2045-01-01 22:00:00,0.0
ME,2045-01-01 23:00:00,0.0
MI,2045-01-01 00:00:00,0.0
MI,2045-01-01 01:00:00,0.0
MI,2045-01-01 02:00:00,0.0
MI,2045-01-01 03:00:00,0.0
MI,2045-01-01 04:00:00,0.0
MI,2045-01-01 05:00:00,0.0
MI,2045-01-01 06:00:00,0.0
MI,2045-01-01 07:00:00,0.0
MI,2045-01-01 08:00:00,0.0
MI,2045-01-01 09:00:00,0.0
MI,2045-01-01 10:00:00,0.0
MI,2045-01-01 11:00:00,0.0
MI,2045-01-01 12:00:00,0.0
MI,2045-01-01 13:00:00,0.0
MI,2045-01-01 14:00:00,0.0
MI,2045-01-01 15:00:00,0.0
MI,2045-01-01 16:00:00,0.0
MI,2045-01-01 17:00:00,0.0
MI,2045-01-01 18:00:00,0.0
MI,2045-01-01 19:00:00,0.0
MI,2045-01-01 20:00:00,0.0
MI,2045-01-01 21:00:00,0.0
MI,2045-01-01 22:00:00,0.0
MI,2045-01-01 23:00:00,0.0
MN,2045-01-01 00:00:00,0.0
MN,2045-01-01 01:00:00,0.0
MN,2045-01-01 02:00:00,0.0
MN,2045-01-01 03:00:00,0.0
MN,2045-01-01 04:00:00,0.0
MN,2045-01-01 05:00:00,0.0
MN,2045-01-01 06:00:00,0.0
MN,2045-01-01 07:00:00,0.0
MN,2045-01-01 08:00:00,0.0
MN,2045-01-01 09:00:00,0.0
MN,2045-01-01 10:00:00,0.0
MN,2045-01-01 11:00:00,0.0
MN,2045-01-01 12:00:00,0.0
MN,2045-01-01 13:00:00,0.0
MN,2045-01-01 14:00:00,0.0
MN,2045-01-01 15:00:00,0.0
MN,2045-01-01 16:00:00,0.0
MN,2045-01-01 17:00:00,0.0
MN,2045-01-01 18:00:00,0.0
MN,2045-01-01 19:00:00,0.0
MN,2045-01-01 20:00:00,0.0
MN,2045-01-01 21:00:00,0.0
MN,2045-01-01 22:00:00,0.0
MN,2045-01-01 23:00:00,0.0
MO,2045-01-01 00:00:00,0.0
MO,2045-01-01 01:00:00,0.0
MO,2045-01-01 02:00:00,0.0
MO,2045-01-01 03:00:00,0.0
MO,2045-01-01 04:00:00,0.0
MO,2045-01-01 05:00:00,0.0
MO,2045-01-01 06:00:00,0.0
MO,2045-01-01 07:00:00,0.0
MO,2045-01-01 08:00:00,0.0
MO,2045-01-01 09:00:00,0.0
MO,2045-01-01 10:00:00,0.0
MO,2045-01-01 11:00:00,0.0
MO,2045-01-01 12:00:00,0.0
MO,2045-01-01 13:00:00,0.0
MO,2045-01-01 14:00:00,0.0
MO,2045-01-01 15:00:00,0.0
MO,2045-01-01 16:00:00,0.0
MO,2045-01-01 17:00:00,0.0
MO,2045-01-01 18:00:00,0.0
MO,2045-01-01 19:00:00,0.0
MO,2045-01-01 20:00:00,0.0
MO,2045-01-01 21:00:00,0.0
MO,2045-01-01 22:00:00,0.0
MO,2045-01-01 23:00:00,0.0
MS,2045-01-01 00:00:00,0.0
MS,2045-01-01 01:00:00,0.0
MS,2045-01-01 02:00:00,0.0
MS,2045-01-01 03:00:00,0.0
MS,2045-01-01 04:00:00,0.0
MS,2045-01-01 05:00:00,0.0
MS,2045-01-01 06:00:00,0.0
MS,2045-01-01 07:00:00,0.0
MS,2045-01-01 08:00:00,0.0
MS,2045-01-01 09:00:00,0.0
MS,2045-01-01 10:00:00,0.0
MS,2045-01-01 11:00:00,0.0
MS,2045-01-01 12:00:00,0.0
MS,2045-01-01 13:00:00,0.0
MS,2045-01-01 14:00:00,0.0
MS,2045-01-01 15:00:00,0.0
MS,2045-01-01 16:00:00,0.0
MS,2045-01-01 17:00:00,0.0
MS,2045-01-01 18:00:00,0.0
MS,2045-01-01 19:00:00,0.0
MS,2045-01-01 20:00:00,0.0
MS,2045-01-01 21:00:00,0.0
MS,2045-01-01 22:00:00,0.0
MS,2045-01-01 23:00:00,0.0
MT,2045-01-01 00:00:00,0.0
MT,2045-01-01 01:00:00,0.0
MT,2045-01-01 02:00:00,0.0
MT,2045-01-01 03:00:00,0.0
MT,2045-01-01 04:00:00,0.0
MT,2045-01-01 05:00:00,0.0
MT,2045-01-01 06:00:00,0.0
MT,2045-01-01 07:00:00,0.0
MT,2045-01-01 08:00:00,0.0
MT,2045-01-01 09:00:00,0.0
MT,2045-01-01 10:00:00,0.0
MT,2045-01-01 11:00:00,0.0
MT,2045-01-01 12:00:00,0.0
MT,2045-01-01 13:00:00,0.0
MT,2045-01-01 14:00:00,0.0
MT,2045-01-01 15:00:00,0.0
MT,2045-01-01 16:00:00,0.0
MT,2045-01-01 17:00:00,0.0
MT,2045-01-01 18:00:00,0.0
MT,2045-01-01 19:00:00,0.0
MT,2045-01-01 20:00:00,0.0
MT,2045-01-01 21:00:00,0.0
MT,2045-01-01 22:00:00,0.0
MT,2045-01-01 23:00:00,0.0
NC,2045-01-01 00:00:00,4.9
NC,2045-01-01 01:00:00,4.9
NC,2045-01-01 02:00:00,4.9
NC,2045-01-01 03:00:00,4.9
NC,2045-01-01 04:00:00,4.9
NC,2045-01-01 05:00:00,4.9
NC,2045-01-01 06:00:00,4.9
NC,2045-01-01 07:00:00,4.9
NC,2045-01-01 08:00:00,4.9
NC,2045-01-01 09:00:00,4.9
NC,2045-01-01 10:00:00,4.9
NC,2045-01-01 11:00:00,4.9
NC,2045-01-01 12:00:00,4.9
NC,2045-01-01 13:00:00,4.9
NC,2045-01-01 14:00:00,4.9
NC,2045-01-01 15:00:00,4.9
NC,2045-01-01 16:00:00,4.9
NC,2045-01-01 17:00:00,4.9
NC,2045-01-01 18:00:00,4.9
NC,2045-01-01 19:00:00,4.9
NC,2045-01-01 20:00:00,4.9
NC,2045-01-01 21:00:00,4.9
NC,2045-01-01 22:00:00,4.9
NC,2045-01-01 23:00:00,4.9
ND,2045-01-01 00:00:00,0.0
ND,2045-01-01 01:00:00,0.0
ND,2045-01-01 02:00:00,0.0
ND,2045-01-01 03:00:00,0.0
ND,2045-01-01 04:00:00,0.0
ND,2045-01-01 05:00:00,0.0
ND,2045-01-01 06:00:00,0.0
ND,2045-01-01 07:00:00,0.0
ND,2045-01-01 08:00:00,0.0
ND,2045-01-01 09:00:00,0.0
ND,2045-01-01 10:00:00,0.0
ND,2045-01-01 11:00:00,0.0
ND,2045-01-01 12:00:00,0.0
ND,2045-01-01 13:00:00,0.0
ND,2045-01-01 14:00:00,0.0
ND,2045-01-01 15:00:00,0.0
ND,2045-01-01 16:00:00,0.0
ND,2045-01-01 17:00:00,0.0
ND,2045-01-01 18:00:00,0.0
ND,2045-01-01 19:00:00,0.0
ND,2045-01-01 20:00:00,0.0
ND,2045-01-01 21:00:00,0.0
ND,2045-01-01 22:00:00,0.0
ND,2045-01-01 23:00:00,0.0
NE,2045-01-01 00:00:00,0.0
NE,2045-01-01 01:00:00,0.0
NE,2045-01-01 02:00:00,0.0
NE,2045-01-01 03:00:00,0.0
NE,2045-01-01 04:00:00,0.0
NE,2045-01-01 05:00:00,0.0
NE,2045-01-01 06:00:00,0.0
NE,2045-01-01 07:00:00,0.0
NE,2045-01-01 08:00:00,0.0
NE,2045-01-01 09:00:00,0.0
NE,2045-01-01 10:00:00,0.0
NE,2045-01-01 11:00:00,0.0
NE,2045-01-01 12:00:00,0.0
NE,2045-01-01 13:00:00,0.0
NE,2045-01-01 14:00:00,0.0
NE,2045-01-01 15:00:00,0.0
NE,2045-01-01 16:00:00,0.0
NE,2045-01-01 17:00:00,0.0
NE,2045-01-01 18:00:00,0.0
NE,2045-01-01 19:00:00,0.0
NE,2045-01-01 20:00:00,0.0
NE,2045-01-01 21:00:00,0.0
NE,2045-01-01 22:00:00,0.0
NE,2045-01-01 23:00:00,0.0
NH,2045-01-01 00:00:00,0.0
NH,2045-01-01 01:00:00,0.0
NH,2045-01-01 02:00:00,0.0
NH,2045-01-01 03:00:00,0.0
NH,2045-01-01 04:00:00,0.0
NH,2045-01-01 05:00:00,0.0
NH,2045-01-01 06:00:00,0.0
NH,2045-01-01 07:00:00,0.0
NH,2045-01-01 08:00:00,0.0
NH,2045-01-01 09:00:00,0.0
NH,2045-01-01 10:00:00,0.0
NH,2045-01-01 11:00:00,0.0
NH,2045-01-01 12:00:00,0.0
NH,2045-01-01 13:00:00,0.0
NH,2045-01-01 14:00:00,0.0
NH,2045-01-01 15:00:00,0.0
NH,2045-01-01 16:00:00,0.0
NH,2045-01-01 17:00:00,0.0
NH,2045-01-01 18:00:00,0.0
NH,2045-01-01 19:00:00,0.0
NH,2045-01-01 20:00:00,0.0
NH,2045-01-01 21:00:00,0.0
NH,2045-01-01 22:00:00,0.0
NH,2045-01-01 23:00:00,0.0
NJ,2045-01-01 00:00:00,0.0
NJ,2045-01-01 01:00:00,0.0
NJ,2045-01-01 02:00:00,0.0
NJ,2045-01-01 03:00:00,0.0
NJ,2045-01-01 04:00:00,0.0
NJ,2045-01-01 05:00:00,0.0
NJ,2045-01-01 06:00:00,0.0
NJ,2045-01-01 07:00:00,0.0
NJ,2045-01-01 08:00:00,0.0
NJ,2045-01-01 09:00:00,0.0
NJ,2045-01-01 10:00:00,0.0
NJ,2045-01-01 11:00:00,0.0
NJ,2045-01-01 12:00:00,0.0
NJ,2045-01-01 13:00:00,0.0
NJ,2045-01-01 14:00:00,0.0
NJ,2045-01-01 15:00:00,0.0
NJ,2045-01-01 16:00:00,0.0
NJ,2045-01-01 17:00:00,0.0
NJ,2045-01-01 18:00:00,0.0
NJ,2045-01-01 19:00:00,0.0
NJ,2045-01-01 20:00:00,0.0
NJ,2045-01-01 21:00:00,0.0
NJ,2045-01-01 22:00:00,0.0
NJ,2045-01-01 23:00:00,0.0
NM,2045-01-01 00:00:00,0.0
NM,2045-01-01 01:00:00,0.0
NM,2045-01-01 02:00:00,0.0
NM,2045-01-01 03:00:00,0.0
NM,2045-01-01 04:00:00,0.0
NM,2045-01-01 05:00:00,0.0
NM,2045-01-01 06:00:00,0.0
NM,2045-01-01 07:00:00,0.0
NM,2045-01-01 08:00:00,0.0
NM,2045-01-01 09:00:00,0.0
NM,2045-01-01 10:00:00,0.0
NM,2045-01-01 11:00:00,0.0
NM,2045-01-01 12:00:00,0.0
NM,2045-01-01 13:00:00,0.0
NM,2045-01-01 14:00:00,0.0
NM,2045-01-01 15:00:00,0.0
NM,2045-01-01 16:00:00,0.0
NM,2045-01-01 17:00:00,0.0
NM,2045-01-01 18:00:00,0.0
NM,2045-01-01 19:00:00,0.0
NM,2045-01-01 20:00:00,0.0
NM,2045-01-01 21:00:00,0.0
NM,2045-01-01 22:00:00,0.0
NM,2045-01-01 23:00:00,0.0
NV,2045-01-01 00:00:00,6.5
NV,2045-01-01 01:00:00,6.5
NV,2045-01-01 02:00:00,6.5
NV,2045-01-01 03:00:00,6.5
NV,2045-01-01 04:00:00,6.5
NV,2045-01-01 05:00:00,6.5
NV,2045-01-01 06:00:00,6.5
NV,2045-01-01 07:00:00,6.5
NV,2045-01-01 08:00:00,6.5
NV,2045-01-01 09:00:00,6.5
NV,2045-01-01 10:00:00,6.5
NV,2045-01-01 11:00:00,6.5
NV,2045-01-01 12:00:00,6.5
NV,2045-01-01 13:00:00,6.5
NV,2045-01-01 14:00:00,6.5
NV,2045-01-01 15:00:00,6.5
NV,2045-01-01 16:00:00,6.5
NV,2045-01-01 17:00:00,6.5
NV,2045-01-01 18:00:00,6.5
NV,2045-01-01 19:00:00,6.5
NV,2045-01-01 20:00:00,6.5
NV,2045-01-01 21:00:00,6.5
NV,2045-01-01 22:00:00,6.5
NV,2045-01-01 23:00:00,6.5
NY,2045-01-01 00:00:00,3.3
NY,2045-01-01 01:00:00,3.3
NY,2045-01-01 02:00:00,3.3
NY,2045-01-01 03:00:00,3.3
NY,2045-01-01 04:00:00,3.3
NY,2045-01-01 05:00:00,3.3
NY,2045-01-01 06:00:00,3.3
NY,2045-01-01 07:00:00,3.3
NY,2045-01-01 08:00:00,3.3
NY,2045-01-01 09:00:00,3.3
NY,2045-01-01 10:00:00,3.3
NY,2045-01-01 11:00:00,3.3
NY,2045-01-01 12:00:00,3.3
NY,2045-01-01 13:00:00,3.3
NY,2045-01-01 14:00:00,3.3
NY,2045-01-01 15:00:00,3.3
NY,2045-01-01 16:00:00,3.3
NY,2045-01-01 17:00:00,3.3
NY,2045-01-01 18:00:00,3.3
NY,2045-01-01 19:00:00,3.3
NY,2045-01-01 20:00:00,3.3
NY,2045-01-01 21:00:00,3.3
NY,2045-01-01 22:00:00,3.3
NY,2045-01-01 23:00:00,3.3
OH,2045-01-01 00:00:00,0.0
OH,2045-01-01 01:00:00,0.0
OH,2045-01-01 02:00:00,0.0
OH,2045-01-01 03:00:00,0.0
OH,2045-01-01 04:00:00,0.0
OH,2045-01-01 05:00:00,0.0
OH,2045-01-01 06:00:00,0.0
OH,2045-01-01 07:00:00,0.0
OH,2045-01-01 08:00:00,0.0
OH,2045-01-01 09:00:00,0.0
OH,2045-01-01 10:00:00,0.0
OH,2045-01-01 11:00:00,0.0
OH,2045-01-01 12:00:00,0.0
OH,2045-01-01 13:00:00,0.0
OH,2045-01-01 14:00:00,0.0
OH,2045-01-01 15:00:00,0.0
OH,2045-01-01 16:00:00,0.0
OH,2045-01-01 17:00:00,0.0
OH,2045-01-01 18:00:00,0.0
OH,2045-01-01 19:00:00,0.0
OH,2045-01-01 20:00:00,0.0
OH,2045-01-01 21:00:00,0.0
OH,2045-01-01 22:00:00,0.0
OH,2045-01-01 23:00:00,0.0
OK,2045-01-01 00:00:00,0.0
OK,2045-01-01 01:00:00,0.0
OK,2045-01-01 02:00:00,0.0
OK,2045-01-01 03:00:00,0.0
OK,2045-01-01 04:00:00,0.0
OK,2045-01-01 05:00:00,0.0
OK,2045-01-01 06:00:00,0.0
OK,2045-01-01 07:00:00,0.0
OK,2045-01-01 08:00:00,0.0
OK,2045-01-01 09:00:00,0.0
OK,2045-01-01 10:00:00,0.0
OK,2045-01-01 11:00:00,0.0
OK,2045-01-01 12:00:00,0.0
OK,2045-01-01 13:00:00,0.0
OK,2045-01-01 14:00:00,0.0
OK,2045-01-01 15:00:00,0.0
OK,2045-01-01 16:00:00,0.0
OK,2045-01-01 17:00:00,0.0
OK,2045-01-01 18:00:00,0.0
OK,2045-01-01 19:00:00,0.0
OK,2045-01-01 20:00:00,0.0
OK,2045-01-01 21:00:00,0.0
OK,2045-01-01 22:00:00,0.0
OK,2045-01-01 23:00:00,0.0
OR,2045-01-01 00:00:00,8.2
OR,2045-01-01 01:00:00,8.2
OR,2045-01-01 02:00:00,8.2
OR,2045-01-01 03:00:00,8.2
OR,2045-01-01 04:00:00,8.2
OR,2045-01-01 05:00:00,8.2
OR,2045-01-01 06:00:00,8.2
OR,2045-01-01 07:00:00,8.2
OR,2045-01-01 08:00:00,8.2
OR,2045-01-01 09:00:00,8.2
OR,2045-01-01 10:00:00,8.2
OR,2045-01-01 11:00:00,8.2
OR,2045-01-01 12:00:00,8.2
OR,2045-01-01 13:00:00,8.2
OR,2045-01-01 14:00:00,8.2
OR,2045-01-01 15:00:00,8.2
OR,2045-01-01 16:00:00,8.2
OR,2045-01-01 17:00:00,8.2
OR,2045-01-01 18:00:00,8.2
OR,2045-01-01 19:00:00,8.2
OR,2045-01-01 20:00:00,8.2
OR,2045-01-01 21:00:00,8.2
OR,2045-01-01 22:00:00,8.2
OR,2045-01-01 23:00:00,8.2
PA,2045-01-01 00:00:00,0.0
PA,2045-01-01 01:00:00,0.0
PA,2045-01-01 02:00:00,0.0
PA,2045-01-01 03:00:00,0.0
PA,2045-01-01 04:00:00,0.0
PA,2045-01-01 05:00:00,0.0
PA,2045-01-01 06:00:00,0.0
PA,2045-01-01 07:00:00,0.0
PA,2045-01-01 08:00:00,0.0
PA,2045-01-01 09:00:00,0.0
PA,2045-01-01 10:00:00,0.0
PA,2045-01-01 11:00:00,0.0
PA,2045-01-01 12:00:00,0.0
PA,2045-01-01 13:00:00,0.0
PA,2045-01-01 14:00:00,0.0
PA,2045-01-01 15:00:00,0.0
PA,2045-01-01 16:00:00,0.0
PA,2045-01-01 17:00:00,0.0
PA,2045-01-01 18:00:00,0.0
PA,2045-01-01 19:00:00,0.0
PA,2045-01-01 20:00:00,0.0
PA,2045-01-01 21:00:00,0.0
PA,2045-01-01 22:00:00,0.0
PA,2045-01-01 23:00:00,0.0
RI,2045-01-01 00:00:00,0.0
RI,2045-01-01 01:00:00,0.0
RI,2045-01-01 02:00:00,0.0
RI,2045-01-01 03:00:00,0.0
RI,2045-01-01 04:00:00,0.0
RI,2045-01-01 05:00:00,0.0
RI,2045-01-01 06:00:00,0.0
RI,2045-01-01 07:00:00,0.0
RI,2045-01-01 08:00:00,0.0
RI,2045-01-01 09:00:00,0.0
RI,2045-01-01 10:00:00,0.0
RI,2045-01-01 11:00:00,0.0
RI,2045-01-01 12:00:00,0.0
RI,2045-01-01 13:00:00,0.0
RI,2045-01-01 14:00:00,0.0
RI,2045-01-01 15:00:00,0.0
RI,2045-01-01 16:00:00,0.0
RI,2045-01-01 17:00:00,0.0
RI,2045-01-01 18:00:00,0.0
RI,2045-01-01 19:00:00,0.0
RI,2045-01-01 20:00:00,0.0
RI,2045-01-01 21:00:00,0.0
RI,2045-01-01 22:00:00,0.0
RI,2045-01-01 23:00:00,0.0
SC,2045-01-01 00:00:00,0.0
SC,2045-01-01 01:00:00,0.0
SC,2045-01-01 02:00:00,0.0
SC,2045-01-01 03:00:00,0.0
SC,2045-01-01 04:00:00,0.0
SC,2045-01-01 05:00:00,0.0
SC,2045-01-01 06:00:00,0.0
SC,2045-01-01 07:00:00,0.0
SC,2045-01-01 08:00:00,0.0
SC,2045-01-01 09:00:00,0.0
SC,2045-01-01 10:00:00,0.0
SC,2045-01-01 11:00:00,0.0
SC,2045-01-01 12:00:00,0.0
SC,2045-01-01 13:00:00,0.0
SC,2045-01-01 14:00:00,0.0
SC,2045-01-01 15:00:00,0.0
SC,2045-01-01 16:00:00,0.0
SC,2045-01-01 17:00:00,0.0
SC,2045-01-01 18:00:00,0.0
SC,2045-01-01 19:00:00,0.0
SC,2045-01-01 20:00:00,0.0
SC,2045-01-01 21:00:00,0.0
SC,2045-01-01 22:00:00,0.0
SC,2045-01-01 23:00:00,0.0
SD,2045-01-01 00:00:00,0.0
SD,2045-01-01 01:00:00,0.0
SD,2045-01-01 02:00:00,0.0
SD,2045-01-01 03:00:00,0.0
SD,2045-01-01 04:00:00,0.0
SD,2045-01-01 05:00:00,0.0
SD,2045-01-01 06:00:00,0.0
SD,2045-01-01 07:00:00,0.0
SD,2045-01-01 08:00:00,0.0
SD,2045-01-01 09:00:00,0.0
SD,2045-01-01 10:00:00,0.0
SD,2045-01-01 11:00:00,0.0
SD,2045-01-01 12:00:00,0.0
SD,2045-01-01 13:00:00,0.0
SD,2045-01-01 14:00:00,0.0
SD,2045-01-01 15:00:00,0.0
SD,2045-01-01 16:00:00,0.0
SD,2045-01-01 17:00:00,0.0
SD,2045-01-01 18:00:00,0.0
SD,2045-01-01 19:00:00,0.0
SD,2045-01-01 20:00:00,0.0
SD,2045-01-01 21:00:00,0.0
SD,2045-01-01 22:00:00,0.0
SD,2045-01-01 23:00:00,0.0
TN,2045-01-01 00:00:00,0.0
TN,2045-01-01 01:00:00,0.0
TN,2045-01-01 02:00:00,0.0
TN,2045-01-01 03:00:00,0.0
TN,2045-01-01 04:00:00,0.0
TN,2045-01-01 05:00:00,0.0
TN,2045-01-01 06:00:00,0.0
TN,2045-01-01 07:00:00,0.0
TN,2045-01-01 08:00:00,0.0
TN,2045-01-01 09:00:00,0.0
TN,2045-01-01 10:00:00,0.0
TN,2045-01-01 11:00:00,0.0
TN,2045-01-01 12:00:00,0.0
TN,2045-01-01 13:00:00,0.0
TN,2045-01-01 14:00:00,0.0
TN,2045-01-01 15:00:00,0.0
TN,2045-01-01 16:00:00,0.0
TN,2045-01-01 17:00:00,0.0
TN,2045-01-01 18:00:00,0.0
TN,2045-01-01 19:00:00,0.0
TN,2045-01-01 20:00:00,0.0
TN,2045-01-01 21:00:00,0.0
TN,2045-01-01 22:00:00,0.0
TN,2045-01-01 23:00:00,0.0
TX,2045-01-01 00:00:00,16.4
TX,2045-01-01 01:00:00,16.4
TX,2045-01-01 02:00:00,16.4
TX,2045-01-01 03:00:00,16.4
TX,2045-01-01 04:00:00,16.4
TX,2045-01-01 05:00:00,16.4
TX,2045-01-01 06:00:00,16.4
TX,2045-01-01 07:00:00,16.4
TX,2045-01-01 08:00:00,16.4
TX,2045-01-01 09:00:00,16.4
TX,2045-01-01 10:00:00,16.4
TX,2045-01-01 11:00:00,16.4
TX,2045-01-01 12:00:00,16.4
TX,2045-01-01 13:00:00,16.4
TX,2045-01-01 14:00:00,16.4
TX,2045-01-01 15:00:00,16.4
TX,2045-01-01 16:00:00,16.4
TX,2045-01-01 17:00:00,16.4
TX,2045-01-01 18:00:00,16.4
TX,2045-01-01 19:00:00,16.4
TX,2045-01-01 20:00:00,16.4
TX,2045-01-01 21:00:00,16.4
TX,2045-01-01 22:00:00,16.4
TX,2045-01-01 23:00:00,16.4
UT,2045-01-01 00:00:00,1.3
UT,2045-01-01 01:00:00,1.3
UT,2045-01-01 02:00:00,1.3
UT,2045-01-01 03:00:00,1.3
UT,2045-01-01 04:00:00,1.3
UT,2045-01-01 05:00:00,1.3
UT,2045-01-01 06:00:00,1.3
UT,2045-01-01 07:00:00,1.3
UT,2045-01-01 08:00:00,1.3
UT,2045-01-01 09:00:00,1.3
UT,2045-01-01 10:00:00,1.3
UT,2045-01-01 11:00:00,1.3
UT,2045-01-01 12:00:00,1.3
UT,2045-01-01 13:00:00,1.3
UT,2045-01-01 14:00:00,1.3
UT,2045-01-01 15:00:00,1.3
UT,2045-01-01 16:00:00,1.3
UT,2045-01-01 17:00:00,1.3
UT,2045-01-01 18:00:00,1.3
UT,2045-01-01 19:00:00,1.3
UT,2045-01-01 20:00:00,1.3
UT,2045-01-01 21:00:00,1.3
UT,2045-01-01 22:00:00,1.3
UT,2045-01-01 23:00:00,1.3
VA,2045-01-01 00:00:00,45.8
VA,2045-01-01 01:00:00,45.8
VA,2045-01-01 02:00:00,45.8
VA,2045-01-01 03:00:00,45.8
VA,2045-01-01 04:00:00,45.8
VA,2045-01-01 05:00:00,45.8
VA,2045-01-01 06:00:00,45.8
VA,2045-01-01 07:00:00,45.8
VA,2045-01-01 08:00:00,45.8
VA,2045-01-01 09:00:00,45.8
VA,2045-01-01 10:00:00,45.8
VA,2045-01-01 11:00:00,45.8
VA,2045-01-01 12:00:00,45.8
VA,2045-01-01 13:00:00,45.8
VA,2045-01-01 14:00:00,45.8
VA,2045-01-01 15:00:00,45.8
VA,2045-01-01 16:00:00,45.8
VA,2045-01-01 17:00:00,45.8
VA,2045-01-01 18:00:00,45.8
VA,2045-01-01 19:00:00,45.8
VA,2045-01-01 20:00:00,45.8
VA,2045-01-01 21:00:00,45.8
VA,2045-01-01 22:00:00,45.8
VA,2045-01-01 23:00:00,45.8
VT,2045-01-01 00:00:00,0.0
VT,2045-01-01 01:00:00,0.0
VT,2045-01-01 02:00:00,0.0
VT,2045-01-01 03:00:00,0.0
VT,2045-01-01 04:00:00,0.0
VT,2045-01-01 05:00:00,0.0
VT,2045-01-01 06:00:00,0.0
VT,2045-01-01 07:00:00,0.0
VT,2045-01-01 08:00:00,0.0
VT,2045-01-01 09:00:00,0.0
VT,2045-01-01 10:00:00,0.0
VT,2045-01-01 11:00:00,0.0
VT,2045-01-01 12:00:00,0.0
VT,2045-01-01 13:00:00,0.0
VT,2045-01-01 14:00:00,0.0
VT,2045-01-01 15:00:00,0.0
VT,2045-01-01 16:00:00,0.0
VT,2045-01-01 17:00:00,0.0
VT,2045-01-01 18:00:00,0.0
VT,2045-01-01 19:00:00,0.0
VT,2045-01-01 20:00:00,0.0
VT,2045-01-01 21:00:00,0.0
VT,2045-01-01 22:00:00,0.0
VT,2045-01-01 23:00:00,0.0
WA,2045-01-01 00:00:00,2.6
WA,2045-01-01 01:00:00,2.6
WA,2045-01-01 02:00:00,2.6
WA,2045-01-01 03:00:00,2.6
WA,2045-01-01 04:00:00,2.6
WA,2045-01-01 05:00:00,2.6
WA,2045-01-01 06:00:00,2.6
WA,2045-01-01 07:00:00,2.6
WA,2045-01-01 08:00:00,2.6
WA,2045-01-01 09:00:00,2.6
WA,2045-01-01 10:00:00,2.6
WA,2045-01-01 11:00:00,2.6
WA,2045-01-01 12:00:00,2.6
WA,2045-01-01 13:00:00,2.6
WA,2045-01-01 14:00:00,2.6
WA,2045-01-01 15:00:00,2.6
WA,2045-01-01 16:00:00,2.6
WA,2045-01-01 17:00:00,2.6
WA,2045-01-01 18:00:00,2.6
WA,2045-01-01 19:00:00,2.6
WA,2045-01-01 20:00:00,2.6
WA,2045-01-01 21:00:00,2.6
WA,2045-01-01 22:00:00,2.6
WA,2045-01-01 23:00:00,2.6
WI,2045-01-01 00:00:00,0.0
WI,2045-01-01 01:00:00,0.0
WI,2045-01-01 02:00:00,0.0
WI,2045-01-01 03:00:00,0.0
WI,2045-01-01 04:00:00,0.0
WI,2045-01-01 05:00:00,0.0
WI,2045-01-01 06:00:00,0.0
WI,2045-01-01 07:00:00,0.0
WI,2045-01-01 08:00:00,0.0
WI,2045-01-01 09:00:00,0.0
WI,2045-01-01 10:00:00,0.0
WI,2045-01-01 11:00:00,0.0
WI,2045-01-01 12:00:00,0.0
WI,2045-01-01 13:00:00,0.0
WI,2045-01-01 14:00:00,0.0
WI,2045-01-01 15:00:00,0.0
WI,2045-01-01 16:00:00,0.0
WI,2045-01-01 17:00:00,0.0
WI,2045-01-01 18:00:00,0.0
WI,2045-01-01 19:00:00,0.0
WI,2045-01-01 20:00:00,0.0
WI,2045-01-01 21:00:00,0.0
WI,2045-01-01 22:00:00,0.0
WI,2045-01-01 23:00:00,0.0
WV,2045-01-01 00:00:00,0.0
WV,2045-01-01 01:00:00,0.0
WV,2045-01-01 02:00:00,0.0
WV,2045-01-01 03:00:00,0.0
WV,2045-01-01 04:00:00,0.0
WV,2045-01-01 05:00:00,0.0
WV,2045-01-01 06:00:00,0.0
WV,2045-01-01 07:00:00,0.0
WV,2045-01-01 08:00:00,0.0
WV,2045-01-01 09:00:00,0.0
WV,2045-01-01 10:00:00,0.0
WV,2045-01-01 11:00:00,0.0
WV,2045-01-01 12:00:00,0.0
WV,2045-01-01 13:00:00,0.0
WV,2045-01-01 14:00:00,0.0
WV,2045-01-01 15:00:00,0.0
WV,2045-01-01 16:00:00,0.0
WV,2045-01-01 17:00:00,0.0
WV,2045-01-01 18:00:00,0.0
WV,2045-01-01 19:00:00,0.0
WV,2045-01-01 20:00:00,0.0
WV,2045-01-01 21:00:00,0.0
WV,2045-01-01 22:00:00,0.0
WV,2045-01-01 23:00:00,0.0
WY,2045-01-01 00:00:00,0.0
WY,2045-01-01 01:00:00,0.0
WY,2045-01-01 02:00:00,0.0
WY,2045-01-01 03:00:00,0.0
WY,2045-01-01 04:00:00,0.0
WY,2045-01-01 05:00:00,0.0
WY,2045-01-01 06:00:00,0.0
WY,2045-01-01 07:00:00,0.0
WY,2045-01-01 08:00:00,0.0
WY,2045-01-01 09:00:00,0.0
WY,2045-01-01 10:00:00,0.0
WY,2045-01-01 11:00:00,0.0
WY,2045-01-01 12:00:00,0.0
WY,2045-01-01 13:00:00,0.0
WY,2045-01-01 14:00:00,0.0
WY,2045-01-01 15:00:00,0.0
WY,2045-01-01 16:00:00,0.0
WY,2045-01-01 17:00:00,0.0
WY,2045-01-01 18:00:00,0.0
WY,2045-01-01 19:00:00,0.0
WY,2045-01-01 20:00:00,0.0
WY,2045-01-01 21:00:00,0.0
WY,2045-01-01 22:00:00,0.0
WY,2045-01-01 23:00:00,0.0
