OBJECTID,year,origin,enplanements,passengers,departures,arrivals,freight,mail
1,2023,ATL,44721151,44940145,340757,340435,320592384,17033732
2,2023,DEN,35892655,36089755,307789,307873,257037213,12698972
3,2023,DFW,33853033,33892107,297097,297129,442306764,22686642
4,2023,ORD,29305603,29379846,303030,302931,386208675,29107924
5,2023,LAS,26216256,26443518,202540,202475,89632420,2773334
6,2023,LAX,26090601,26238051,206862,207597,839943095,84523282
7,2023,MCO,24741803,24850596,173211,173170,159978671,9388429
8,2023,CLT,23811326,23850449,229491,229508,135037884,8241202
9,2023,PHX,22624711,22839703,194163,193969,313904054,10722282
10,2023,SEA,21814595,21824644,188020,188057,289647574,21823498
11,2023,SFO,17430769,17463802,140715,140711,198723454,17025869
12,2023,EWR,17292936,17305863,155862,154183,474401542,11216365
13,2023,IAH,16584020,16680987,161177,161231,314450720,14532148
14,2023,BOS,16110499,16122881,158573,158947,154638201,4895867
15,2023,MSP,15552291,15578893,139143,139610,169604305,9785506
16,2023,LGA,15243161,15243943,162666,162617,6230625,607467
17,2023,JFK,14313424,14327005,136529,136828,354994177,12371010
18,2023,MIA,14098955,14130365,109419,110449,383282162,13077590
19,2023,DTW,13866115,13889414,129328,129434,111796795,6270124
20,2023,FLL,13360269,13398436,94992,94596,95342461,2755681
21,2023,SLC,12277651,12325711,115156,114595,168377936,12238423
22,2023,BWI,12175468,12432912,101131,101349,219020511,3327948
23,2023,DCA,12160108,12190554,141311,141359,1176302,46
24,2023,PHL,11888190,11916371,117661,118036,391998786,9781345
25,2023,SAN,11739198,11873841,94317,94351,107906552,3519993
26,2023,TPA,11094452,11204186,86324,86317,135250652,5400050
27,2023,BNA,11029844,11266465,102409,102303,64949368,42888
28,2023,AUS,10336419,10601453,97336,97322,109158945,1024083
29,2023,MDW,10287721,10541877,84356,84304,19396908,271667
30,2023,HNL,8683570,8712287,84008,84342,403171072,48837780
31,2023,DAL,8552790,8876445,78580,78500,14438259,171210
32,2023,PDX,7746872,7757400,76692,77234,268899131,11417331
33,2023,IAD,7546375,7591255,79997,80397,96222856,1905159
34,2023,STL,7090532,7314688,70192,70238,75058788,79429
35,2023,RDU,6898810,6949266,64234,64443,76492817,2221762
36,2023,HOU,6319568,6545645,56537,56476,11606669,64606
37,2023,MSY,6190371,6279486,53282,53544,49765884,1541794
38,2023,SMF,6181416,6265950,57861,58125,119198128,749828
39,2023,SJC,5603226,5739903,54200,54069,36828707,2003
40,2023,MCI,5599391,5721382,52399,52450,110004470,2001070
41,2023,SNA,5524075,5543966,48705,48596,24451921,13125
42,2023,SJU,5356377,5369531,46433,45366,132448723,5717439
43,2023,OAK,5263628,5383898,58630,58705,540965049,6243037
44,2023,SAT,5025756,5122138,43710,43524,100109244,3038820
45,2023,RSW,4808645,4863541,36077,36007,17515300,3120
46,2023,IND,4745453,4800015,60368,59735,897236215,613100
47,2023,CLE,4698879,4731626,44295,44150,73541734,1585795
48,2023,PIT,4401834,4447483,49158,49233,77240108,3503051
49,2023,CVG,4180954,4203774,65037,65663,1348618837,335112
50,2023,CMH,4058660,4105440,43059,43087,5020841,1067258
51,2023,PBI,3784830,3807663,29227,29201,24909945,196
52,2023,JAX,3619011,3669716,32596,32799,68445114,3916139
53,2023,OGG,3592010,3606698,41434,41457,23053619,24635
54,2023,BUR,3131724,3216980,37363,37256,35072782,3294
55,2023,BDL,3069721,3078662,28733,28806,149194148,2418584
56,2023,CHS,3031368,3048762,29332,29982,6537904,2
57,2023,ONT,2971397,3029109,40119,39632,841106008,22754771
58,2023,MKE,2930774,2964828,31462,31217,57905325,121282
59,2023,ANC,2619004,2621473,62911,58030,-1689819240,96335407
60,2023,ABQ,2604961,2666871,28941,28901,54987443,184073
61,2023,OMA,2464275,2497082,25993,25908,48926933,1374234
62,2023,RIC,2398692,2417594,27771,27964,85167932,47657
63,2023,MEM,2397120,2427701,87507,85100,-395832323,9241741
64,2023,BOI,2368511,2378636,27240,27259,41116547,8181
65,2023,ORF,2307572,2320245,24374,24411,21751011,0
66,2023,BUF,2288407,2297108,24159,24225,34953197,0
67,2023,SDF,2267379,2306084,70607,69674,-1623898386,124977368
68,2023,RNO,2215758,2227713,23501,23310,68408487,899254
69,2023,OKC,2133840,2211347,24398,24526,29115060,9712
70,2023,SRQ,2127753,2139417,16413,16432,127281,0
71,2023,KOA,2055155,2061662,21244,21311,41430534,1187629
72,2023,GEG,2002246,2007243,23196,24996,68688560,3327
73,2023,ELP,1995590,2040339,21682,21929,90827994,9445
74,2023,TUS,1920614,1938221,18181,18192,30081806,0
75,2023,SAV,1907440,1923270,20072,20088,6255079,0
76,2023,GRR,1899233,1908353,19516,19319,37099317,0
77,2023,LGB,1836026,1922722,16977,16999,17959459,2296
78,2023,LIH,1799784,1800727,18376,18495,15552114,397549
79,2023,PVD,1731554,1736776,18601,18567,11273455,0
80,2023,MYR,1658944,1668710,15149,15188,801404,0
81,2023,TUL,1570663,1620553,19470,19475,52019674,0
82,2023,DSM,1518557,1536712,16298,16313,30771447,0
83,2023,BHM,1498202,1539102,18214,18362,17577099,9139
84,2023,PSP,1426980,1439191,14746,14754,320099,0
85,2023,SYR,1412664,1419788,17568,17611,41239651,904214
86,2023,SFB,1384293,1385916,9193,9196,0,0
87,2023,TYS,1382073,1391559,17876,17880,30805937,12800
88,2023,ALB,1376334,1386081,15891,16015,22993450,0
89,2023,PNS,1365908,1375782,13472,13494,4701780,303
90,2023,ROC,1324900,1330113,17368,17658,31512719,0
91,2023,GSP,1258495,1273977,15412,15545,28002142,0
92,2023,PIE,1237710,1238813,7973,7983,126302,0
93,2023,BZN,1229881,1232030,10630,10649,1856942,0
94,2023,COS,1184727,1239145,13302,13334,8655313,0
95,2023,HPN,1152881,1153288,17673,17652,2278,0
96,2023,AVL,1125467,1126000,12301,12302,7028,1251
97,2023,VPS,1116717,1118014,9140,9140,4379,3
98,2023,PWM,1114432,1114865,13083,12856,9111567,0
99,2023,LIT,1096748,1115262,14330,14317,12145481,0
100,2023,FAT,1039243,1042984,12066,12080,9937221,22140
101,2023,MSN,1037760,1041951,12645,12719,12157379,0
102,2023,XNA,972857,974364,13438,13443,32833,0
103,2023,PGD,949709,950516,5962,5966,0,0
104,2023,AZA,925461,927016,6008,5927,149222,0
105,2023,GSO,903476,910660,16136,15809,128622955,28051
106,2023,ICT,842987,867007,11925,11956,24068798,2913
107,2023,EUG,841916,842690,9511,9466,951387,0
108,2023,ECP,816474,823750,7604,7599,116,0
109,2023,HSV,723751,729263,12004,12011,32414160,23380
110,2023,STT,701396,701405,13923,14620,275691,0
111,2023,CID,690801,691974,9104,9109,36156110,0
112,2023,MAF,684271,700207,10049,10535,2339838,0
113,2023,ITO,684175,684329,9109,9123,13325009,2
114,2023,EYW,675236,675325,11616,11781,261465,0
115,2023,LEX,665252,665744,8892,8887,5994,0
116,2023,FSD,655230,657726,9405,9503,38492359,32639
117,2023,ILM,655115,657112,9029,9018,1327226,0
118,2023,MDT,654177,661148,9997,9799,60714170,0
119,2023,BTV,649014,649789,8960,9166,3143750,0
120,2023,MHT,644636,645839,9422,9446,87488263,3601530
121,2023,ISP,640874,644939,5069,5085,133345,0
122,2023,SBA,638496,648209,8452,8500,865641,0
123,2023,SGF,632448,634090,10008,10015,14592794,0
124,2023,JAN,627274,656522,9644,9634,9008623,0
125,2023,DAY,593843,595604,10102,10108,6753888,0
126,2023,CAE,591967,600455,11170,11197,44258404,306118
127,2023,RDM,558451,559000,8235,8343,827865,1
128,2023,FAI,546443,548670,17654,17693,12409042,4927792
129,2023,LBB,543242,553809,9451,9407,32564937,0
130,2023,FAR,520532,522441,9465,9038,37587392,0
131,2023,MFE,511551,512119,4830,4842,8921445,0
132,2023,JAC,494652,494758,5255,5260,1568,0
133,2023,HRL,493261,493763,6336,6255,23290646,0
134,2023,HVN,490076,490077,3542,3538,0,0
135,2023,CHA,487862,492878,7655,7662,11009679,488
136,2023,MFR,478027,478052,7642,7522,2940920,0
137,2023,ATW,474881,475523,6741,6739,7210747,0
138,2023,MSO,458300,458965,5514,5492,1738440,0
139,2023,FCA,456142,456502,5120,5144,1884771,0
140,2023,PSC,438068,438896,6767,6011,1340058,0
141,2023,ACY,435903,443203,3534,3527,0,0
142,2023,BIL,428755,431078,10473,10615,32858830,9044
143,2023,BQN,425461,425461,3180,3413,18285407,0
144,2023,ABE,419372,423043,6785,6629,147649056,0
145,2023,TLH,416321,421410,7148,7215,7654975,54
146,2023,PVU,415030,416608,3063,3041,3564,0
147,2023,SBN,411225,412171,6827,6840,9330049,0
148,2023,AMA,397691,418824,5862,5860,65139,1061
149,2023,FWA,392834,394020,7032,7028,18664885,0
150,2023,BTR,377394,380390,6070,6068,9273,0
151,2023,GPT,375577,379929,4787,4792,887,0
152,2023,JNU,356438,444883,15562,15527,7448091,2941206
153,2023,CRP,352099,354977,5537,5540,41392,0
154,2023,DAB,348034,349690,2969,2972,8537,0
155,2023,BGR,347337,350791,5533,5520,2179117,5199
156,2023,TVC,347167,347566,5130,5163,58466,0
157,2023,ROA,345521,346639,7005,7005,11131702,0
158,2023,RAP,345397,349012,4799,4808,1228169,0
159,2023,CAK,343497,344026,4560,4555,93678,0
160,2023,GRB,330298,331550,5266,5261,46402,0
161,2023,TTN,326048,326048,2216,2233,0,0
162,2023,SBP,324671,324724,5525,5705,417957,0
163,2023,STS,317911,317911,4328,4332,3632,0
164,2023,PIA,315325,316059,4537,4549,11272949,6603
165,2023,BLI,311029,311542,3884,3884,961725,0
166,2023,ASE,308737,308943,6292,6285,0,0
167,2023,SHV,308646,311764,6524,6560,19507785,0
168,2023,CHO,308075,308573,6155,6182,3539,0
169,2023,PAE,306301,306433,4705,4733,3337023,0
170,2023,FNT,281878,281878,3609,3413,14849932,0
171,2023,AGS,280318,290725,4881,4871,879,0
172,2023,MOB,275321,275783,4531,4528,576,0
173,2023,GNV,273194,273490,3966,3966,50569,0
174,2023,MLI,272391,273175,4219,4225,660,0
175,2023,IDA,270131,271310,4172,4162,2596187,0
176,2023,MRY,259495,259790,4473,4411,207347,0
177,2023,BIS,258342,258954,3989,4179,419961,0
178,2023,MLB,249286,252053,2830,2837,12029,0
179,2023,MTJ,244158,250006,2921,2925,2,0
180,2023,GJT,243717,261315,4530,4538,3313194,0
181,2023,STX,235368,235538,8806,8932,121732,0
182,2023,LFT,229797,229814,5048,5065,11439588,1
183,2023,EGE,226791,226791,3014,3015,0,285
184,2023,TRI,220879,222257,4072,4073,1795,0
185,2023,DRO,217344,217508,4291,4500,255674,0
186,2023,HDN,206195,209027,2704,2669,115228,0
187,2023,CRW,194831,195041,3680,3718,5326,0
188,2023,MGM,181797,183184,3183,3189,158025,0
189,2023,GTF,177263,177695,4598,4566,23170826,0
190,2023,BRO,176047,176158,3108,3110,134086,0
191,2023,BFL,174865,175284,3001,3059,463274,0
192,2023,AVP,173984,176145,2791,2782,6981,0
193,2023,FAY,167553,168247,2933,2939,409,0
194,2023,EVV,165183,165938,3019,3207,73626,0
195,2023,BMI,164662,165030,2845,2853,5758261,0
196,2023,BET,153548,156105,39574,39682,5894591,16476243
197,2023,LCK,149318,149672,2650,2418,51595885,29505
198,2023,KTN,148645,228271,6746,6772,2678166,2114512
199,2023,BLV,147334,147335,979,978,0,0
200,2023,MOT,146569,146696,2632,2809,369559,0
201,2023,GUM,143374,142933,1979,2173,4886727,2275056
202,2023,PSE,142074,142074,1068,1073,0,0
203,2023,SAF,140188,140193,2838,2850,0,0
204,2023,SCE,138785,139003,3968,3909,1209719,0
205,2023,SGU,136341,136690,2934,2866,310012,0
206,2023,ACK,135520,135520,8776,9073,125308,210633
207,2023,ILG,133225,133225,1045,1040,824,0
208,2023,OAJ,133035,133856,2451,2454,2034,0
209,2023,LNK,131682,133028,2777,2781,17461,0
210,2023,DLH,127822,128255,2390,2389,604874,0
211,2023,LRD,125966,126337,4670,4742,26717754,0
212,2023,RFD,119699,122622,10190,10181,475857005,5510312
213,2023,USA,118989,119061,778,776,0,0
214,2023,ACV,117970,117970,2361,2443,435652,0
215,2023,AEX,116511,119382,2572,2719,0,0
216,2023,SUN,109234,109247,2234,2267,130237,0
217,2023,LAN,106844,107073,2594,2602,19515478,0
218,2023,ORH,104677,104677,1463,1469,25646,0
219,2023,HHH,103686,103686,1780,1793,402,0
220,2023,COU,97622,97895,1837,1834,3293,0
221,2023,MLU,96953,97002,1814,2011,12877,0
222,2023,SIT,96214,127013,4627,4655,2597403,278614
223,2023,GFK,93735,94044,1297,1300,0,0
224,2023,GRK,93618,95268,1777,1771,24340,0
225,2023,MBS,93530,94205,1988,1984,123892,0
226,2023,RST,93373,96204,2162,2340,7839171,0
227,2023,YUM,90446,90446,1873,1869,1401,0
228,2023,HTS,88798,88801,1690,1943,6534768,0
229,2023,HLN,88308,88364,1691,1691,3899,0
230,2023,RDD,87657,87657,2366,2233,917574,0
231,2023,AZO,87611,87800,1619,1620,4,0
232,2023,CPR,87124,87313,3396,3344,10173720,0
233,2023,MKK,85341,85341,10805,11138,216746,0
234,2023,ADQ,85183,85179,6477,6485,3010283,474756
235,2023,ELM,85017,85492,1271,1230,179888,0
236,2023,CWA,84769,84917,1849,1855,127952,0
237,2023,LCH,82417,82617,1914,1911,0,0
238,2023,MVY,82411,82411,5020,5149,61114,0
239,2023,SCC,82296,83301,2955,2881,6601641,6404754
240,2023,XWA,82247,82331,2003,2080,229218,0
241,2023,ABI,79820,83829,1902,2174,447481,0
242,2023,SWF,77283,78204,1263,1428,13467517,19401281
243,2023,LBE,76843,76843,583,588,2076,0
244,2023,LYH,74712,75290,1717,1717,4049,0
245,2023,FLG,73953,73953,2099,2215,449024,0
246,2023,SPN,73233,73233,12353,12209,1174097,0
247,2023,PBG,72145,72145,1022,1022,385,0
248,2023,TOL,70298,70741,942,949,9695014,0
249,2023,IFP,70241,84869,711,708,0,0
250,2023,CMI,70178,70519,1552,1550,10293,0
251,2023,PHF,69401,70130,1500,1501,13047,0
252,2023,SCK,67539,67685,1257,1255,54873865,0
253,2023,ENA,66949,67494,8554,9126,797919,352
254,2023,OME,66304,78388,9922,9936,4332990,7708302
255,2023,CSG,65651,66527,1550,1530,290949,0
256,2023,GRI,65091,65641,1277,1199,330603,0
257,2023,PUW,63835,63835,1068,1065,12066,0
258,2023,ITH,60775,60850,1398,1380,20070,0
259,2023,OTZ,60124,77110,10332,10341,4834833,10348778
260,2023,CLL,60068,61195,1161,1224,14429,0
261,2023,EWN,59136,59290,1960,1958,1694634,0
262,2023,FSM,58303,58611,1075,1076,2479,0
263,2023,IAG,52596,52823,556,563,45042,0
264,2023,SBY,52126,52270,1721,1715,245900,0
265,2023,ACT,51863,55344,1151,1145,19318,0
266,2023,SJT,51855,52369,1448,1786,415321,0
267,2023,MHK,51277,51379,1062,1060,28831,0
268,2023,SPI,50505,50691,842,838,0,0
269,2023,TYR,50146,50210,1055,1055,0,0
270,2023,PSM,50088,50088,371,371,116413,0
271,2023,GUC,49490,49510,972,968,0,0
272,2023,ERI,47160,47160,1054,1300,999,0
273,2023,LAW,45182,45658,1106,1105,5054,0
274,2023,ROW,44939,45439,917,920,556,0
275,2023,CKB,42722,42723,877,915,33782,0
276,2023,MQT,42651,42694,1117,1339,171945,0
277,2023,LSE,42635,43170,1014,1011,243,0
278,2023,GTR,42503,42944,818,820,4888,0
279,2023,VLD,42152,42152,817,816,0,0
280,2023,VRB,42036,42036,483,485,0,0
281,2023,TXK,41949,42283,1071,1070,0,0
282,2023,BRW,41579,41642,3789,3893,1438628,2820635
283,2023,AKN,37892,40327,5589,5581,8217806,816633
284,2023,BJC,36968,42829,2017,2019,0,0
285,2023,LWS,36745,36745,1307,828,662819,0
286,2023,BGM,36622,36622,737,738,0,0
287,2023,DHN,35626,35626,994,744,283779,0
288,2023,SWO,35295,35349,755,753,38814,0
289,2023,COD,34709,34709,826,834,0,0
290,2023,HOM,34682,35503,6457,6476,293047,233089
291,2023,PGV,34628,34707,860,862,587,0
292,2023,DLG,34471,35084,6001,6028,1930923,3173328
293,2023,LNY,34430,34430,5080,5297,119321,0
294,2023,BQK,33806,33806,752,752,0,0
295,2023,GGG,32545,34043,747,748,0,0
296,2023,HGR,32320,32468,228,228,108677,0
297,2023,BPT,32143,32268,723,724,101,0
298,2023,PPG,30179,30179,177,177,1054597,20154
299,2023,ABY,29981,32900,1357,1363,13774514,12095
300,2023,BLD,29261,29261,3146,2334,2219,0
301,2023,VQS,28961,28961,5933,6502,2820,144896
302,2023,GCK,27848,28488,975,976,180055,0
303,2023,EAT,27647,27647,942,473,451574,0
304,2023,SBD,27307,27307,4641,4517,286804468,0
305,2023,SUX,27086,27155,742,715,0,0
306,2023,GCN,27062,27062,2347,2187,0,0
307,2023,GCC,26776,26827,638,638,0,0
308,2023,SHR,26614,26616,646,645,0,0
309,2023,ALW,26465,26465,468,468,66,0
310,2023,TIQ,26143,26143,9241,9278,63189,0
311,2023,EAU,25856,26682,303,299,0,200
312,2023,SPS,25073,28284,768,763,18420,0
313,2023,PSG,24921,55832,1614,1616,1399125,101387
314,2023,BJI,24762,24762,954,1079,255075,0
315,2023,PRC,24570,24572,766,766,2956,0
316,2023,DIK,24057,24057,869,874,148125,0
317,2023,YKM,24023,24370,1079,938,818108,0
318,2023,BFI,23740,23750,4657,4699,75843782,5476654
319,2023,CMX,23353,23355,920,924,208486,0
320,2023,FLO,22728,23182,723,723,7772,0
321,2023,PLN,22221,23116,1013,1208,224882,0
322,2023,HOB,22187,22187,608,607,0,0
323,2023,CIU,22166,22166,969,994,159317,0
324,2023,ABR,22112,22232,966,997,184824,0
325,2023,ART,21436,21436,673,675,606,0
326,2023,RHI,20986,20986,1075,1134,368815,0
327,2023,RBN,20408,20447,2697,2705,0,0
328,2023,TWF,19852,21891,852,1174,515776,0
329,2023,JRV,19726,19867,3277,3416,2413,0
330,2023,STC,19543,19816,135,134,1810,0
331,2023,OTH,19522,19522,958,859,296262,0
332,2023,SPB,19339,19339,2003,2005,0,0
333,2023,SSB,19339,19339,2005,2003,0,0
334,2023,CNY,19289,19338,640,640,0,0
335,2023,PQI,19254,19254,890,1124,120232,0
336,2023,DUT,19201,19218,2559,2560,575676,313968
337,2023,CPX,18918,18958,4490,4526,3760,27397
338,2023,CDV,18244,34878,1100,1100,1294615,92803
339,2023,LAR,18092,18427,630,624,3636,0
340,2023,IMT,17955,21382,968,983,143881,0
341,2023,PIH,17453,17612,751,951,232584,0
342,2023,HYA,17166,17166,3377,3372,0,511861
343,2023,CCR,16997,17204,800,804,0,0
344,2023,KLW,16733,16890,3330,3270,114130,205240
345,2023,DBQ,16469,16500,135,136,0,0
346,2023,BRD,16218,16218,625,625,0,0
347,2023,RKS,16158,16428,736,737,109515,0
348,2023,BTM,15882,15882,673,673,0,0
349,2023,PIR,15871,15915,869,886,85328,0
350,2023,MCN,15815,16378,694,691,36775,0
351,2023,ESC,15657,19475,941,944,123317,0
352,2023,ATY,15532,15532,628,632,0,0
353,2023,MEI,15513,18317,696,697,35353,0
354,2023,RIW,15344,15344,438,437,0,0
355,2023,RDB,15094,15111,830,898,818255,0
356,2023,BID,15013,15013,3410,3455,5017,0
357,2023,SLN,14991,20712,758,756,0,0
358,2023,EAR,14684,14701,929,1098,433167,0
359,2023,LBF,14362,15706,888,918,117615,0
360,2023,WRG,14323,60100,1257,1257,874675,51284
361,2023,JLN,14270,14270,628,571,0,0
362,2023,JST,14250,14250,719,735,1507,0
363,2023,SMX,14160,14315,919,785,929035,0
364,2023,VEL,13952,13952,599,599,0,0
365,2023,CVN,13623,13623,625,625,0,0
366,2023,TUP,13445,13445,751,752,8955,0
367,2023,LKE,13350,13631,3561,3552,440,0
368,2023,SIG,13280,13280,2424,2445,2431,0
369,2023,INL,13238,13379,625,623,0,0
370,2023,PAH,13032,13166,628,628,0,0
371,2023,CYS,13000,13001,368,370,0,0
372,2023,PGA,12970,12970,971,1233,0,0
373,2023,ALO,12814,13099,635,638,0,0
374,2023,PIB,12429,15009,635,627,0,0
375,2023,WST,12297,12297,3418,3375,21534,0
376,2023,YAK,12105,27532,1043,1054,1527826,8411
377,2023,BFF,12043,15502,884,951,173220,0
378,2023,HIB,11775,12580,711,710,0,0
379,2023,GAL,11758,12199,2827,2818,527871,839307
380,2023,CDC,11746,11932,881,887,157205,0
381,2023,TBN,11702,11702,574,573,0,0
382,2023,FRD,11417,11756,3207,3194,43108,0
383,2023,ALS,11319,11319,624,623,0,0
384,2023,VCT,11292,11334,632,633,0,0
385,2023,BED,11227,11227,527,528,0,0
386,2023,DEC,11207,22423,933,990,0,0
387,2023,ROP,11136,11136,3179,3295,626904,0
388,2023,OWB,10818,10818,841,841,209,0
389,2023,EKO,10715,10715,367,368,0,0
390,2023,TEX,10687,10687,618,616,0,0
391,2023,LEB,10683,10683,2105,2107,0,0
392,2023,MWA,10483,10483,1190,1195,0,0
393,2023,JMS,10463,18530,663,663,0,0
394,2023,BFM,10446,10446,765,771,15031894,0
395,2023,BIH,9981,9981,520,524,49437,0
396,2023,BHB,9898,9898,1617,1597,0,0
397,2023,1G4,9861,9861,746,1338,0,0
398,2023,EMK,9760,10053,6108,6104,433369,2756435
399,2023,GST,9580,9596,1231,1233,20897,22114
400,2023,HYS,9488,21431,731,732,0,0
401,2023,CEZ,8925,8925,1248,1255,0,0
402,2023,WYS,8735,8735,294,294,0,0
403,2023,UNK,8312,10657,3353,3367,738785,3436683
404,2023,LWB,8290,8290,600,601,11098,0
405,2023,LBL,8267,14572,615,615,0,0
406,2023,MAZ,8224,8224,1436,1436,0,0
407,2023,TVF,8143,8143,1315,1068,3459142,0
408,2023,DVL,8051,12015,645,645,0,0
409,2023,APN,8034,9340,666,834,341474,0
410,2023,SDY,8020,8020,1676,1683,0,0
411,2023,SHD,7966,7966,617,617,0,0
412,2023,CEC,7875,7875,711,713,61924,0
413,2023,ESD,7827,8636,2182,2515,70969,0
414,2023,PVC,7612,7613,1490,1480,0,0
415,2023,CGI,7555,7555,609,608,0,0
416,2023,GLH,7516,7516,444,444,0,0
417,2023,IPL,7094,7094,1634,1617,600407,0
418,2023,DQS,7087,7087,675,393,0,0
419,2023,IWD,7042,7042,606,611,0,0
420,2023,TSM,7028,7112,346,346,0,0
421,2023,SLE,6989,6989,544,545,499451,0
422,2023,SVC,6973,6973,1249,1253,0,0
423,2023,RKD,6879,6879,1302,1290,0,0
424,2023,MGW,6825,6825,1533,1546,0,0
425,2023,TEB,6482,6498,1536,1460,2558,0
426,2023,DDC,6432,8972,614,617,630,0
427,2023,HNS,6306,7520,1640,1647,68227,48416
428,2023,LNS,6230,6230,1415,1407,0,0
429,2023,FOD,6195,12029,618,618,0,0
430,2023,MBL,6021,6021,1058,1060,0,0
431,2023,MSL,5907,5907,359,359,0,0
432,2023,OGS,5792,5792,577,577,0,0
433,2023,HNH,5790,5821,1370,1384,36600,26966
434,2023,MCW,5780,8263,608,607,0,0
435,2023,KEH,5642,5806,2765,2775,15,0
436,2023,CXF,5634,6404,1347,1332,4376,713
437,2023,DUJ,5567,5567,1564,1512,0,0
438,2023,WFB,5556,5558,2759,2729,768422,695702
439,2023,PDT,5544,5670,1088,1090,0,0
440,2023,FYU,5506,6673,1666,1668,20162,7869
441,2023,DRT,5320,5320,619,681,473628,0
442,2023,AUG,5308,5308,1116,1116,0,0
443,2023,RBH,5281,5281,997,1040,31180,0
444,2023,RUT,5179,5179,986,977,0,0
445,2023,DSI,5141,5194,320,323,0,0
446,2023,KWN,5119,5632,2500,2498,10965,17817
447,2023,OPF,5047,5131,571,561,23334,0
448,2023,CNM,5025,5232,938,937,0,0
449,2023,HHR,4955,4970,1067,1026,0,0
450,2023,MSS,4954,5295,972,970,0,0
451,2023,SGY,4953,5400,1299,1305,26229,57956
452,2023,KSM,4911,6713,2974,2902,491190,1259844
453,2023,BKW,4880,18320,1439,1187,367333,0
454,2023,SLK,4876,4876,1035,1028,0,0
455,2023,VAK,4704,6079,2019,2020,17233,8129
456,2023,UIN,4698,4698,1360,1338,0,0
457,2023,ANI,4624,5221,3098,3093,689939,2733993
458,2023,HRO,4556,4556,757,751,0,0
459,2023,MKG,4488,4488,1228,1230,13700,0
460,2023,KPN,4466,5360,2083,2087,21348,11262
461,2023,MKC,4382,4382,121,127,181987,0
462,2023,PKB,4377,7014,611,918,0,0
463,2023,MRI,4362,4423,2350,2008,734348,37570
464,2023,AIA,4328,4328,620,627,0,0
465,2023,HPB,4314,5633,2148,2156,19580,15602
466,2023,IRK,4281,4281,800,795,0,0
467,2023,VDZ,4220,4220,323,321,37695,285
468,2023,RCE,4132,4285,1189,1231,15,0
469,2023,FBS,4061,4153,1320,1254,0,0
470,2023,BRL,4061,4061,958,947,0,0
471,2023,PHO,4052,4533,1601,1603,36919,12922
472,2023,CLD,4042,4078,255,261,0,0
473,2023,WLK,3970,4590,1441,1441,44038,5364
474,2023,BFD,3894,3894,1053,1042,0,0
475,2023,MMH,3861,3875,267,265,0,0
476,2023,GYY,3847,3847,392,380,8804530,17643
477,2023,MCE,3794,3794,1080,1088,0,0
478,2023,SOW,3728,3728,733,729,0,0
479,2023,HOT,3721,3721,747,749,0,0
480,2023,WTK,3698,4607,1266,1267,56698,12348
481,2023,JHM,3683,3683,982,1264,234866,0
482,2023,BKC,3615,4448,1361,1360,15816,6306
483,2023,KAE,3605,3793,1101,1133,24384,8679
484,2023,MUE,3598,3598,685,690,0,0
485,2023,SCM,3583,4935,1646,1643,27531,8344
486,2023,SQL,3546,3546,1092,1084,0,0
487,2023,YIP,3528,3534,1405,1392,1456336,0
488,2023,ILI,3488,3488,1769,1773,57997,273467
489,2023,SHH,3477,3880,1246,1246,34436,12448
490,2023,ORV,3410,4980,1401,1402,40605,8222
491,2023,KUK,3386,4386,2275,2278,6011,5549
492,2023,SOV,3379,4179,2297,2287,4292,0
493,2023,PUB,3358,5221,844,825,0,0
494,2023,SVA,3310,4746,1276,1277,67785,13409
495,2023,HSL,3304,3747,1000,1010,19968,8014
496,2023,TCL,3257,3257,81,81,3200,0
497,2023,CPS,3252,3252,111,111,7410,0
498,2023,MKL,3245,3245,782,769,0,0
499,2023,FOE,3226,3226,53,62,2916,0
500,2023,AOO,3206,3206,548,548,0,0
501,2023,PQS,3195,4238,2600,2604,6764,10005
502,2023,OOK,3194,3904,1808,1812,9030,16353
503,2023,WTL,3161,3820,2115,2115,6795,13689
504,2023,OLF,3153,3153,676,678,0,0
505,2023,ELD,3144,3144,772,754,0,0
506,2023,GAM,3142,4616,1240,1241,38361,13092
507,2023,FNL,3098,3926,53,58,50,0
508,2023,AIN,3095,4039,1429,1432,32804,5093
509,2023,LUP,3085,3085,1292,1299,0,0
510,2023,MOU,3048,4268,1455,1454,11165,2698
511,2023,KKI,3033,3505,1963,1967,6207,9452
512,2023,KVL,3003,4416,1231,1231,43408,3738
513,2023,AKP,3000,3398,1025,1040,269880,5035
514,2023,CDB,2988,7775,1520,1520,516793,335447
515,2023,HVR,2964,2964,707,704,0,0
516,2023,NYS,2961,3088,949,870,0,0
517,2023,CYF,2913,4284,1711,1713,20716,12596
518,2023,TOG,2904,3303,1273,1273,33341,13503
519,2023,GGW,2884,2884,666,663,6,0
520,2023,NUP,2845,3851,2071,2072,4222,5011
521,2023,EEK,2812,4359,1991,1992,9784,14941
522,2023,KLN,2760,2797,1157,1166,6940,4405
523,2023,IAN,2759,4771,1194,1194,19097,10109
524,2023,KKH,2725,3799,1949,1951,11529,12033
525,2023,KWT,2614,2931,1617,1611,2992,8555
526,2023,BKG,2588,2588,29,28,0,0
527,2023,BMG,2587,2587,43,43,18864,0
528,2023,SDP,2576,6996,993,1001,798964,42954
529,2023,MCG,2570,2658,778,770,175283,113121
530,2023,KOT,2557,3838,2629,2630,8711,7354
531,2023,MLL,2514,3741,2114,2115,25342,6295
532,2023,AUK,2488,3759,2629,2630,3368,7079
533,2023,CDR,2424,2424,488,485,0,0
534,2023,NUL,2408,3396,838,846,9299,5237
535,2023,ATT,2403,3628,2113,2110,8461,5690
536,2023,AKI,2367,2503,1448,1447,5237,6908
537,2023,NUI,2355,3622,1167,1189,20120,3602
538,2023,KTS,2351,3646,1106,1106,14219,7682
539,2023,MCK,2326,2326,795,828,50112,0
540,2023,AGN,2256,2340,814,816,12992,7383
541,2023,TLT,2242,2311,1350,1354,4606,4575
542,2023,KWK,2241,3111,1540,1539,18479,15416
543,2023,7AK,2236,2243,1575,1585,140396,5968
544,2023,LAF,2234,2234,91,93,17686,0
545,2023,BIF,2209,2261,42,35,129085,0
546,2023,OLH,2196,2213,926,926,4844,3891
547,2023,JBR,2188,2188,638,633,0,0
548,2023,RSH,2183,2326,1461,1463,4225,5833
549,2023,GUP,2179,2179,650,406,107304,0
550,2023,GDV,2177,2179,691,692,0,0
551,2023,ADK,2149,2150,111,113,32428,6659
552,2023,FRG,2143,2143,211,220,0,0
553,2023,RIV,2129,2129,386,393,22318049,0
554,2023,HNM,2085,2085,709,713,0,0
555,2023,KEB,2065,2588,1620,1619,940,0
556,2023,WBB,2049,3841,1260,1260,17039,8631
557,2023,VNY,2015,2125,857,900,0,0
558,2023,ELI,2005,3781,1151,1152,16777,6543
559,2023,AFW,1970,2620,9164,8089,366792385,0
560,2023,HTO,1952,1968,671,745,0,0
561,2023,LUK,1951,1951,90,95,9600,0
562,2023,AHN,1913,1913,45,45,0,0
563,2023,BTI,1864,2182,850,855,51971,8024
564,2023,ABL,1847,3578,966,969,14512,3829
565,2023,RNT,1838,1838,555,554,0,0
566,2023,ATK,1833,3705,966,969,15328,3024
567,2023,SMK,1831,4107,1298,1298,8095,7494
568,2023,KLG,1798,2367,1463,1461,1403,7489
569,2023,SNP,1775,1822,378,381,46587,11233
570,2023,LGU,1766,1766,16,17,0,0
571,2023,KNW,1758,2184,977,978,4728,11167
572,2023,ARC,1750,2317,754,756,14909,2630
573,2023,RSJ,1719,1767,620,632,0,0
574,2023,TAL,1703,1985,457,467,7425,2663
575,2023,WWT,1696,2614,1509,1507,19789,5601
576,2023,EWB,1676,1676,516,491,0,0
577,2023,TNK,1674,2475,1231,1230,11474,7279
578,2023,HKB,1656,1747,510,510,6724,297
579,2023,FTW,1630,1630,55,56,3842,0
580,2023,VEE,1629,2871,824,845,25117,2572
581,2023,SKK,1627,2633,1035,1036,12451,6215
582,2023,PGM,1605,2204,1480,1480,2165,0
583,2023,KAL,1584,2017,557,558,7596,2157
584,2023,LRU,1577,1577,351,350,0,0
585,2023,BTT,1571,2830,648,646,14180,4235
586,2023,SHG,1563,3317,949,949,19090,2469
587,2023,KKA,1547,3120,1081,1083,14841,8728
588,2023,KNK,1545,1545,540,539,61561,2083
589,2023,TYE,1515,1713,1018,1218,95618,2780
590,2023,WNA,1513,1538,1131,1136,1503,6519
591,2023,GLV,1505,3563,967,965,18491,2612
592,2023,AET,1481,2575,651,662,22234,2653
593,2023,RBY,1476,3375,792,794,6739,5908
594,2023,PIZ,1470,1543,616,624,13347,3418
595,2023,KMO,1465,1804,898,899,4580,8450
596,2023,A43,1356,1301,1115,1125,184476,24753
597,2023,TLA,1333,2968,820,819,19055,3940
598,2023,TKF,1329,1329,362,363,0,0
599,2023,DRG,1322,3041,826,826,22675,2725
600,2023,WMO,1307,3504,939,941,27243,4694
601,2023,BKL,1296,1296,29,31,65616,0
602,2023,BAF,1247,1247,22,22,0,0
603,2023,PEC,1227,1247,530,531,49631,5272
604,2023,NME,1225,2155,951,948,4381,13302
605,2023,ORI,1213,1249,895,895,1749,4064
606,2023,KQA,1209,1209,1067,1055,21446,0
607,2023,BNH,1206,1207,318,281,0,0
608,2023,KOZ,1190,1258,938,936,950,1843
609,2023,MYU,1180,1227,468,468,25777,4894
610,2023,VCV,1155,1155,27,29,13310,0
611,2023,MQY,1150,1150,453,465,36778,0
612,2023,BVU,1122,1208,804,943,52974,472
613,2023,PKA,1117,1151,867,867,1502,6402
614,2023,WAA,1111,2277,691,691,23993,1499
615,2023,NIB,1079,1118,321,322,34157,580
616,2023,HUS,1050,1861,461,470,11964,936
617,2023,FYV,1037,1037,21,23,0,0
618,2023,POB,1032,1032,17,7,3395,0
619,2023,BWG,1017,1017,34,34,42577,0
620,2023,SXP,999,1690,1318,1318,16574,3217
621,2023,OBU,965,2866,751,750,28046,5220
622,2023,WBQ,912,1051,393,397,6445,1090
623,2023,KGK,908,1457,671,671,3461,2358
624,2023,GNU,902,929,953,954,6518,7397
625,2023,HKY,898,898,9,9,7074,0
626,2023,LKK,835,835,310,278,18036,0
627,2023,KYU,792,1374,348,353,2767,1846
628,2023,DHB,789,832,304,321,0,0
629,2023,EGX,778,893,583,582,187546,3644
630,2023,LPS,774,811,312,284,0,0
631,2023,PPC,740,753,173,188,3965,0
632,2023,WSX,722,758,350,361,0,0
633,2023,YNG,690,1137,13,14,0,0
634,2023,GBH,688,704,85,87,1090,0
635,2023,MMU,652,655,118,111,0,0
636,2023,AKK,651,689,376,373,2107,365
637,2023,CIK,622,927,235,235,4926,2509
638,2023,INT,603,603,30,34,0,0
639,2023,EAA,579,599,257,255,4920,1834
640,2023,TWA,577,1721,571,571,1820,3124
641,2023,KVC,568,569,436,436,5429,26655
642,2023,N1C,567,567,9,14,0,0
643,2023,RMP,554,770,339,336,5022,543
644,2023,TEK,549,549,233,231,18083,798
645,2023,KNB,537,537,45,,0,0
646,2023,KEK,523,1362,588,588,3634,2353
647,2023,NCN,521,521,192,192,10058,512
648,2023,BCT,504,504,124,118,0,0
649,2023,FOK,496,496,173,193,0,0
650,2023,MTM,493,499,812,816,3443,19912
651,2023,TKJ,486,504,434,433,47421,14257
652,2023,PTU,485,508,436,437,4080,16388
653,2023,TCT,468,485,195,196,6850,1747
654,2023,TKE,451,750,354,358,3517,5553
655,2023,UXR,444,444,43,44,0,0
656,2023,NNL,444,444,362,364,11810,12946
657,2023,PTH,443,805,478,478,3375,2663
658,2023,CEF,432,529,11,9,0,0
659,2023,NPT,428,428,111,116,0,0
660,2023,CWF,421,421,3,3,0,0
661,2023,PTK,419,419,253,269,73819,0
662,2023,ELV,412,452,264,265,391,2149
663,2023,RIL,407,412,69,72,0,0
664,2023,CLP,402,1040,473,472,471,1188
665,2023,TN8,398,398,83,84,0,0
666,2023,DGB,388,393,386,398,0,0
667,2023,HUF,375,375,9,8,2145,0
668,2023,KGX,351,445,457,459,3560,2660
669,2023,HCR,346,468,484,484,11272,4711
670,2023,ANV,343,475,273,274,12596,3061
671,2023,SCF,336,343,108,108,0,0
672,2023,HIF,318,318,5,4,3355,0
673,2023,AKB,318,319,193,194,2163,2230
674,2023,PBK,312,313,118,122,0,0
675,2023,IKV,311,311,2,2,0,0
676,2023,T4X,304,304,14,17,0,0
677,2023,VOK,304,304,4,,0,0
678,2023,GKN,303,308,337,367,10830,49710
679,2023,KYK,293,316,240,240,389,1393
680,2023,KBC,284,788,220,220,3834,1222
681,2023,MDH,279,279,36,36,0,0
682,2023,HSH,276,276,92,88,0,0
683,2023,SVS,274,551,200,203,1869,313
684,2023,STG,274,293,222,222,4981,1618
685,2023,DQK,257,257,4,5,0,0
686,2023,JZE,251,262,267,267,13630,0
687,2023,IRC,247,351,255,255,601,1441
688,2023,OWD,235,235,68,72,0,0
689,2023,MTO,235,235,3,3,0,0
690,2023,VZY,226,226,20,20,11120,0
691,2023,IGG,226,244,278,277,420,601
692,2023,SHX,223,326,352,352,11122,1207
693,2023,HOP,221,223,4,6,6019,0
694,2023,CKD,219,280,326,326,23,1239
695,2023,KLL,218,603,365,365,700,1350
696,2023,KTB,218,239,360,366,2911,12036
697,2023,PIP,217,323,348,351,698,2720
698,2023,KCQ,208,397,272,272,795,5900
699,2023,TCM,206,206,5,4,0,0
700,2023,LAL,202,202,4154,4151,151250236,0
701,2023,APF,197,197,66,63,0,0
702,2023,PTA,194,201,206,205,18106,7747
703,2023,LMA,192,215,129,129,6305,1428
704,2023,MTX,190,193,206,189,11442,0
705,2023,APC,186,248,49,45,0,0
706,2023,PML,184,189,102,101,484,300
707,2023,MNT,184,646,271,271,481,108
708,2023,PAM,183,183,4,5,0,0
709,2023,DCK,182,217,86,88,35352,0
710,2023,KPV,179,267,219,219,78,1374
711,2023,FFO,176,176,2,3,0,0
712,2023,CHU,176,245,243,244,117,1072
713,2023,DMA,174,174,1,3,0,0
714,2023,FID,172,172,38,40,0,0
715,2023,SYB,168,194,148,145,280,52
716,2023,DIO,166,166,46,46,1172,0
717,2023,AGC,161,161,55,55,0,0
718,2023,NUQ,160,164,49,51,0,0
719,2023,SLQ,159,197,243,242,1357,2281
720,2023,EFD,155,155,1,1,0,0
721,2023,APA,152,152,44,45,0,0
722,2023,RCA,149,149,3,2,251706,0
723,2023,BLM,149,149,41,45,0,0
724,2023,IKO,148,148,137,137,1864,1653
725,2023,OGD,147,280,32,33,196113,0
726,2023,PDK,145,145,33,37,0,0
727,2023,SVN,142,142,2,2,0,0
728,2023,IPT,139,139,103,96,18650,0
729,2023,DVT,139,139,34,32,0,0
730,2023,SDM,138,158,39,28,24660,0
731,2023,PWK,137,137,37,35,0,0
732,2023,TRM,127,132,40,40,0,0
733,2023,NV5,124,124,30,36,0,0
734,2023,PYM,124,136,43,31,0,0
735,2023,OXC,123,123,49,43,0,0
736,2023,PTD,123,127,85,84,366,234
737,2023,KOY,123,171,93,91,123,0
738,2023,MXY,122,128,94,94,1258,857
739,2023,BAD,120,120,6,4,5509,0
740,2023,KCL,114,202,212,212,47,3344
741,2023,NQX,113,113,1,2,0,0
742,2023,DJN,113,119,91,71,1910,0
743,2023,MIB,109,109,3,2,0,0
744,2023,DYS,108,108,3,2,4030,0
745,2023,BBX,108,108,34,33,0,0
746,2023,FXE,105,75,37,31,0,0
747,2023,LUR,103,121,61,61,19137,0
748,2023,PNE,100,100,26,27,0,0
749,2023,KCG,100,201,178,177,817,1780
750,2023,A29,100,100,44,45,0,0
751,2023,VAD,99,99,4,1,0,0
752,2023,OFF,97,97,1,1,0,0
753,2023,PDB,96,96,111,111,4982,2852
754,2023,MTP,95,95,51,62,0,0
755,2023,BDR,95,101,34,39,0,0
756,2023,UBF,93,93,28,29,0,0
757,2023,KKB,93,126,154,156,50,135
758,2023,SKW,92,110,152,158,9343,3401
759,2023,NYL,92,92,989,935,1297673,0
760,2023,L41,91,91,21,456,0,0
761,2023,HYL,90,105,205,211,5429,10547
762,2023,NKX,89,89,5,4,0,0
763,2023,MNZ,86,86,31,32,0,0
764,2023,ADW,84,84,8,9,0,0
765,2023,1AK,83,87,69,69,265,0
766,2023,SSC,81,81,4,,0,0
767,2023,CGA,80,81,153,150,7819,8600
768,2023,SSI,79,79,22,26,0,0
769,2023,CZN,79,89,116,116,6161,322
770,2023,A01,79,79,48,47,805,0
771,2023,ADS,77,77,21,21,0,0
772,2023,06A,76,77,76,80,0,0
773,2023,ORL,75,75,24,35,0,0
774,2023,LSV,75,75,4,3,0,0
775,2023,MLY,74,535,249,247,735,3738
776,2023,MPB,72,66,30,51,0,0
777,2023,LCI,70,70,28,27,0,0
778,2023,VWK,69,69,20,18,0,0
779,2023,AOS,69,94,97,94,104,101
780,2023,MHR,67,67,1442,1456,52019361,2771233
781,2023,SKF,66,66,4,5,70008,0
782,2023,KFP,65,65,141,141,529,4785
783,2023,KWP,65,93,72,72,588,27
784,2023,EDA,65,66,121,125,431,1587
785,2023,FTY,65,65,13,15,0,0
786,2023,CFT,65,65,15,15,0,0
787,2023,NHK,63,63,1,,0,0
788,2023,WCR,61,61,27,29,1470,0
789,2023,WHD,58,59,56,57,154,3632
790,2023,SUU,58,58,70,68,591608,0
791,2023,C01,58,58,31,26,0,0
792,2023,TNC,57,169,48,49,3000,10
793,2023,CVO,57,57,488,484,465917,0
794,2023,SRV,56,67,105,105,201,258
795,2023,NLG,56,56,131,131,70,201
796,2023,JHW,55,55,19,20,0,0
797,2023,ALZ,55,100,95,95,581,20
798,2023,AA8,54,54,63,64,4918,0
799,2023,MTN,53,53,19,18,0,0
800,2023,COE,53,53,25,21,3024,0
801,2023,UMT,52,51,44,45,71265,0
802,2023,DET,52,52,7,6,0,0
803,2023,WSN,51,202,236,235,27,1051
804,2023,JLA,51,52,25,21,105,0
805,2023,M91,50,50,21,21,0,0
806,2023,LSR,49,50,51,51,3277,0
807,2023,ISM,48,49,13,13,0,0
808,2023,KZB,48,75,83,80,117,8
809,2023,CXL,48,48,7,7,0,0
810,2023,AZ3,48,48,5,5,0,0
811,2023,GON,47,47,14,16,0,0
812,2023,SC1,46,46,2,2,24288,0
813,2023,RQZ,46,46,1,1,0,0
814,2023,KPC,46,46,33,33,4749,0
815,2023,LSF,46,46,1,1,0,0
816,2023,VIK,45,49,47,51,8849,0
817,2023,MYK,45,45,94,94,159,245
818,2023,UGS,44,105,196,197,0,3
819,2023,WRI,44,44,2,2,2537,0
820,2023,GAI,44,44,10,9,0,0
821,2023,SUA,43,43,17,19,6500,0
822,2023,ONN,43,43,21,18,0,0
823,2023,MTC,43,43,1,1,0,0
824,2023,MWH,43,195,16,17,0,0
825,2023,SAD,43,43,13,13,0,0
826,2023,GED,43,43,10,9,0,0
827,2023,PSF,42,42,13,16,0,0
828,2023,BFT,42,42,1,1,0,0
829,2023,UT1,41,43,13,14,0,0
830,2023,PCT,41,41,12,12,0,0
831,2023,ZXU,40,40,18,,0,0
832,2023,ROG,40,40,7,7,0,0
833,2023,CXO,40,40,9,10,0,0
834,2023,JZI,36,36,7,7,0,0
835,2023,SMO,35,37,9,9,0,0
836,2023,LKP,35,35,9,8,0,0
837,2023,MRK,34,34,5,4,0,0
838,2023,BVY,34,34,15,21,0,0
839,2023,TMB,33,33,12,12,0,0
840,2023,PWA,33,33,7,7,0,0
841,2023,SHN,32,32,7,7,0,0
842,2023,UGN,32,32,16,16,0,0
843,2023,HWD,32,32,8,5,0,0
844,2023,CZF,32,36,32,32,0,0
845,2023,CDW,32,32,352,387,0,0
846,2023,SQA,31,31,11,12,2616,0
847,2023,SKJ,31,31,23,22,3,0
848,2023,EHM,31,31,33,33,27885,0
849,2023,A03,31,46,25,25,0,0
850,2023,UES,30,30,5,4,0,0
851,2023,DXR,30,30,7,8,0,0
852,2023,EHR,30,30,21,20,0,0
853,2023,FCM,30,30,7,4,0,0
854,2023,XWW,29,29,5,7,0,0
855,2023,SUS,29,34,104,110,1616,0
856,2023,MSV,29,29,6,7,0,0
857,2023,OLM,29,29,14,14,0,0
858,2023,GFL,29,29,9,9,0,0
859,2023,ATO,29,29,2,2,0,0
860,2023,CKX,29,29,102,102,513,1425
861,2023,UST,28,28,8,8,0,0
862,2023,VGC,28,28,13,12,0,0
863,2023,NV4,28,28,1,1,0,0
864,2023,LMT,28,28,578,590,456701,0
865,2023,UDD,27,27,10,12,0,0
866,2023,TIW,27,27,11,16,0,0
867,2023,MHE,27,27,4,4,0,0
868,2023,KMY,27,79,65,64,465,0
869,2023,CTH,27,27,9,6,0,0
870,2023,HIO,27,27,15,15,0,0
871,2023,SGR,26,26,10,9,0,0
872,2023,OCF,26,26,7,9,0,0
873,2023,BYW,26,26,6,6,0,0
874,2023,TVL,25,30,7,8,0,0
875,2023,UGI,25,78,69,69,226,55
876,2023,VUO,25,25,13,13,0,0
877,2023,PRB,25,25,14,14,15229,0
878,2023,LEW,25,25,7,6,0,0
879,2023,IN2,25,25,6,5,0,0
880,2023,SAC,24,24,7,7,0,0
881,2023,NEW,24,24,7,6,0,0
882,2023,MVL,24,24,5,9,0,0
883,2023,NY5,24,24,5,8,0,0
884,2023,PA5,24,24,7,7,0,0
885,2023,NV6,23,23,6,7,0,0
886,2023,RBW,23,23,4,5,0,0
887,2023,STP,22,22,7,6,0,0
888,2023,POU,22,22,5,5,0,0
889,2023,JZU,22,22,5,6,0,0
890,2023,JZT,22,22,23,24,859,0
891,2023,GBR,22,22,8,9,0,0
892,2023,AVW,22,22,6,5,0,0
893,2023,VA4,21,21,9,8,0,0
894,2023,PPV,21,22,69,71,103,1006
895,2023,MTH,21,21,272,274,179845,0
896,2023,RDV,21,48,91,91,0,1370
897,2023,MA4,21,21,8,12,0,0
898,2023,MQJ,21,21,2,2,0,0
899,2023,CON,21,21,4,3,0,0
900,2023,1NY,21,21,10,9,0,0
901,2023,VDI,20,20,4,3,0,0
902,2023,KCC,20,25,127,128,852,4812
903,2023,BDY,20,20,7,7,0,0
904,2023,ANP,20,20,10,10,0,0
905,2023,SEE,19,19,3,4,0,0
906,2023,WVL,19,19,6,5,0,0
907,2023,SC6,19,19,10,10,0,0
908,2023,VWS,19,19,7,6,0,0
909,2023,QQB,19,19,13,13,2116,414
910,2023,PTL,19,42,27,28,125,0
911,2023,DPA,19,19,11,20,9100,0
912,2023,CGF,19,19,6,9,0,0
913,2023,CEM,19,186,235,235,355,3076
914,2023,BFB,19,19,8,7,0,0
915,2023,VGT,18,18,3,18,0,0
916,2023,NY7,17,17,8,9,0,0
917,2023,RDG,17,800,13,12,0,0
918,2023,ESN,17,17,5,4,0,0
919,2023,A5K,17,17,17,10,100,0
920,2023,A50,17,17,10,9,0,0
921,2023,01A,17,17,8,6,0,0
922,2023,SQV,16,16,13,15,3430,0
923,2023,TX4,16,16,2,2,0,0
924,2023,WWA,16,16,9,14,0,0
925,2023,VNC,16,16,4,5,0,0
926,2023,CT1,16,16,8,7,0,0
927,2023,A04,16,16,7,6,0,0
928,2023,CKU,16,19,15,14,1005,0
929,2023,RME,15,15,6,8,0,0
930,2023,PR1,15,15,2,3,0,0
931,2023,MRF,15,15,2,3,0,0
932,2023,OSU,15,15,7,9,0,0
933,2023,NJ2,15,15,8,7,0,0
934,2023,IDP,15,15,2,2,0,0
935,2023,EXI,15,15,11,12,0,0
936,2023,1FL,15,15,3,3,0,0
937,2023,OR4,14,14,5,7,0,0
938,2023,MPV,14,14,4,3,0,0
939,2023,A30,14,14,7,5,0,0
940,2023,WWD,13,13,3,2,0,0
941,2023,VWD,13,13,3,3,0,0
942,2023,VIS,13,13,672,982,693751,0
943,2023,RMN,13,13,3,3,0,0
944,2023,NJ1,13,13,7,5,0,0
945,2023,NAD,13,13,4,4,0,0
946,2023,MIV,13,13,3,4,0,0
947,2023,EEN,13,13,4,4,0,0
948,2023,GUF,13,13,3,1,0,0
949,2023,HFD,13,13,6,7,0,0
950,2023,BGE,13,13,2,2,0,0
951,2023,AMW,13,13,2,2,0,0
952,2023,TWD,12,12,3,4,0,0
953,2023,SME,12,12,3,4,0,0
954,2023,SBM,12,12,4,4,0,0
955,2023,VA9,12,12,1,1,0,0
956,2023,SEF,12,12,3,5,0,0
957,2023,N1Y,12,12,3,2,0,0
958,2023,OCE,12,12,2,2,0,0
959,2023,KKL,12,14,12,10,0,0
960,2023,IGM,12,12,6,17,0,0
961,2023,MD3,12,12,2,,0,0
962,2023,JGG,12,12,1,2,0,0
963,2023,MA1,12,12,3,2,0,0
964,2023,DWH,12,12,4,4,0,0
965,2023,FHB,12,12,8,7,0,0
966,2023,1B1,12,12,4,4,0,0
967,2023,A34,12,12,3,3,0,0
968,2023,UVA,11,11,2,2,1010,0
969,2023,TIX,11,11,2,1,1849,0
970,2023,WQX,11,11,4,5,0,0
971,2023,ONH,11,11,2,2,0,0
972,2023,LVD,11,11,3,3,0,0
973,2023,DTO,11,11,25,25,28623,0
974,2023,A1K,11,11,44,44,10161,0
975,2023,AL6,11,11,2,3,0,0
976,2023,NHZ,10,10,4,4,0,0
977,2023,LVK,10,10,6,6,0,0
978,2023,ISW,10,10,1,2,0,0
979,2023,GAD,10,10,1,1,0,0
980,2023,AIK,10,10,5,6,0,0
981,2023,BNF,10,14,7,7,0,0
982,2023,BCE,10,10,2,2,0,0
983,2023,9TX,10,10,2,2,0,0
984,2023,T6X,9,9,3,2,0,0
985,2023,ZNC,9,9,23,,1000,0
986,2023,PUL,9,9,9,10,0,0
987,2023,OTS,9,9,1,1,0,0
988,2023,MHV,9,9,1,2,0,0
989,2023,LZU,9,9,4,4,0,0
990,2023,KPR,9,37,70,70,75,4
991,2023,MGR,9,9,2,2,0,0
992,2023,DOF,9,8,14,15,0,0
993,2023,HGZ,9,9,1,1,0,0
994,2023,HAR,9,9,2,1,0,0
995,2023,HEZ,9,9,1,1,0,0
996,2023,2NY,9,9,4,4,0,0
997,2023,CFV,9,9,1,,0,0
998,2023,A76,9,9,3,3,0,0
999,2023,AZ8,9,9,2,2,0,0
1000,2023,BGT,9,9,2,2,0,0
1001,2023,CEW,9,9,2,3,0,0
1002,2023,2VA,9,9,1,1,0,0
1003,2023,SFF,8,8,2,2,0,0
1004,2023,UXO,8,8,3,4,0,0
1005,2023,SOP,8,8,1,1,0,0
1006,2023,NOT,8,8,1,,0,0
1007,2023,QMN,8,8,2,2,0,0
1008,2023,OBE,8,8,186,192,0,0
1009,2023,MVW,8,8,485,17,589847,0
1010,2023,LNA,8,8,5,5,0,0
1011,2023,MIO,8,8,2,2,0,0
1012,2023,ILN,8,6,4179,4185,311056866,0
1013,2023,GA5,8,8,1,1,0,0
1014,2023,FMY,8,8,5,5,0,0
1015,2023,DHT,8,8,1,1,0,0
1016,2023,A26,8,9,12,13,0,0
1017,2023,A75,8,8,5,4,384,0
1018,2023,BTP,8,8,1,1,0,0
1019,2023,A17,8,8,5,4,0,0
1020,2023,BRY,8,8,1,1,0,0
1021,2023,B19,8,8,1,1,0,0
1022,2023,ZXH,7,12,6,,0,0
1023,2023,NC8,7,7,1,1,0,0
1024,2023,QAJ,7,7,2,2,0,0
1025,2023,QQG,7,7,2,1,0,0
1026,2023,LIV,7,7,4,6,225,0
1027,2023,MA5,7,7,1,1,0,0
1028,2023,MLJ,7,7,2,2,0,0
1029,2023,ME3,7,7,1,2,0,0
1030,2023,LOZ,7,7,4,6,0,0
1031,2023,MDO,7,7,6,6,1200,0
1032,2023,KPY,7,76,73,74,153,436
1033,2023,ERV,7,7,2,1,0,0
1034,2023,FL8,7,7,1,1,0,0
1035,2023,CGS,7,7,1,2,0,0
1036,2023,SDX,6,7,4,3,1786,0
1037,2023,VJI,6,6,1,1,0,0
1038,2023,SWD,6,6,8,8,1190,0
1039,2023,TN6,6,6,1,1,0,0
1040,2023,OCW,6,6,1,1,0,0
1041,2023,OXR,6,6,1,2,0,0
1042,2023,JFN,6,6,1,1,0,0
1043,2023,MOD,6,6,2,2,0,0
1044,2023,LDJ,6,6,2,1,0,0
1045,2023,LLY,6,6,2,1,0,0
1046,2023,DE2,6,6,2,2,0,0
1047,2023,FPR,6,20,7,5,0,0
1048,2023,FLD,6,6,1,1,0,0
1049,2023,DTR,6,6,2,3,0,0
1050,2023,EKI,6,6,1,1,0,0
1051,2023,FRR,6,6,1,1,0,0
1052,2023,09A,6,9,6,6,0,0
1053,2023,2FL,6,6,1,1,0,0
1054,2023,CDL,6,6,5,5,0,0
1055,2023,CO7,6,6,1,1,0,0
1056,2023,AST,6,6,1,1,0,0
1057,2023,CBA,6,10,7,8,0,0
1058,2023,WA5,5,5,2,2,0,0
1059,2023,VA8,5,5,3,3,0,0
1060,2023,VA5,5,5,2,3,0,0
1061,2023,TVI,5,5,2,2,0,0
1062,2023,TOA,5,5,2,2,0,0
1063,2023,TLJ,5,6,9,22,4644,0
1064,2023,VWC,5,5,2,2,0,0
1065,2023,PA4,5,5,2,2,0,0
1066,2023,PGS,5,5,1,,0,0
1067,2023,HYR,5,5,1,1,0,0
1068,2023,IN6,5,5,8,7,0,0
1069,2023,MJX,5,5,1,1,0,0
1070,2023,MPO,5,5,1,1,0,0
1071,2023,DMN,5,5,1,1,0,0
1072,2023,HII,5,5,422,440,312179,0
1073,2023,FME,5,5,1,1,0,0
1074,2023,FDK,5,5,3,2,0,0
1075,2023,AUN,5,5,2,2,0,0
1076,2023,BMC,5,5,1,2,0,0
1077,2023,BEH,5,5,1,1,0,0
1078,2023,AAF,5,5,1,1,0,0
1079,2023,SCH,4,4,2,2,0,0
1080,2023,VWE,4,4,6,6,0,0
1081,2023,SAA,4,4,2,3,0,0
1082,2023,MYF,4,4,1,1,0,0
1083,2023,PNN,4,4,1,1,0,0
1084,2023,RLU,4,5,23,25,0,0
1085,2023,MRC,4,4,12,14,0,0
1086,2023,ID1,4,4,3,3,0,0
1087,2023,MD1,4,4,2,2,0,0
1088,2023,LOU,4,4,1,,0,0
1089,2023,HYG,4,4,64,65,284,1735
1090,2023,LOW,4,4,3,3,0,0
1091,2023,LAA,4,4,1,1,0,0
1092,2023,MLC,4,4,1,1,0,0
1093,2023,GCY,4,4,1,1,0,0
1094,2023,FL4,4,4,2,2,0,0
1095,2023,BWD,4,4,261,258,370497,0
1096,2023,2GA,4,4,1,1,0,0
1097,2023,CGZ,4,4,1,1,0,0
1098,2023,CEU,4,4,1,1,0,0
1099,2023,ADM,4,4,1,3,0,0
1100,2023,ASH,4,4,2,2,0,0
1101,2023,1NJ,4,4,1,2,0,0
1102,2023,CNO,4,4,24,24,107001,0
1103,2023,ZZV,3,3,1,,0,0
1104,2023,WVI,3,3,1,1,0,0
1105,2023,SPG,3,3,2,2,0,0
1106,2023,WJF,3,3,2,4,1902,0
1107,2023,SFM,3,3,2,1,0,0
1108,2023,WWP,3,10,84,88,1634,84
1109,2023,NNK,3,3,2,2,0,0
1110,2023,N8C,3,3,1,1,0,0
1111,2023,NY1,3,3,1,,0,0
1112,2023,NH4,3,3,2,4,0,0
1113,2023,OQG,3,3,1,1,0,0
1114,2023,NJ7,3,3,3,3,0,0
1115,2023,LDM,3,3,1,2,0,0
1116,2023,LPC,3,3,1,1,0,0
1117,2023,MA6,3,3,1,1,0,0
1118,2023,JZQ,3,3,1,1,0,0
1119,2023,KXA,3,6,50,51,110,432
1120,2023,MA3,3,3,1,,0,0
1121,2023,MCC,3,3,14,13,6708,0
1122,2023,KPB,3,9,56,57,131,2016
1123,2023,LWM,3,3,2,3,0,0
1124,2023,GYR,3,3,4,4,0,0
1125,2023,ENN,3,3,6,4,295,0
1126,2023,DUA,3,3,1,1,0,0
1127,2023,HDH,3,3,1,,0,0
1128,2023,ENW,3,3,3,3,0,0
1129,2023,GLS,3,3,1,1,0,0
1130,2023,GMU,3,3,2,2,0,0
1131,2023,BYH,3,3,5,9,0,0
1132,2023,A18,3,3,2,2,0,0
1133,2023,CLM,3,3,487,504,352861,0
1134,2023,CEY,3,3,1,,0,0
1135,2023,1N7,3,3,1,1,0,0
1136,2023,AUO,3,3,3,3,76,0
1137,2023,2AK,3,6,7,7,0,0
1138,2023,UTO,2,10,8,8,2051,0
1139,2023,VZF,2,2,1,1,0,0
1140,2023,SXQ,2,4,12,13,0,0
1141,2023,WQC,2,2,1,,0,0
1142,2023,SNY,2,2,1,1,0,0
1143,2023,TX6,2,2,1,,0,0
1144,2023,MVC,2,2,1,1,0,0
1145,2023,MYL,2,2,1,1,0,0
1146,2023,PAQ,2,2,1,5,0,0
1147,2023,PA2,2,2,1,,0,0
1148,2023,RQV,2,2,1,1,0,0
1149,2023,MEV,2,2,1,1,0,0
1150,2023,JCI,2,2,1,3,0,0
1151,2023,KS3,2,2,1,,0,0
1152,2023,LVM,2,2,1,,0,0
1153,2023,LOT,2,2,2,2,0,0
1154,2023,DE3,2,2,1,1,0,0
1155,2023,FQI,2,2,2,2,0,0
1156,2023,FBK,2,9,4,4,0,0
1157,2023,HAO,2,2,2,2,0,0
1158,2023,FAK,2,7,3,2,0,0
1159,2023,HLG,2,2,1,1,0,0
1160,2023,FL7,2,2,1,1,0,0
1161,2023,FRY,2,2,1,1,0,0
1162,2023,CT2,2,2,1,,0,0
1163,2023,EFK,2,2,1,3,0,0
1164,2023,CRE,2,2,1,2,0,0
1165,2023,DYL,2,2,2,1,0,0
1166,2023,A70,2,5,3,4,0,0
1167,2023,AID,2,2,1,1,0,0
1168,2023,CDN,2,2,1,1,0,0
1169,2023,A48,2,2,1,1,0,0
1170,2023,1PA,2,2,1,1,0,0
1171,2023,CIB,2,2,1,1,0,0
1172,2023,SGH,1,1,3,3,0,0
1173,2023,WMK,1,1,24,25,11,340
1174,2023,SEG,1,1,1,1,0,0
1175,2023,TBR,1,1,1,1,0,0
1176,2023,TRL,1,1,1,,0,0
1177,2023,XXE,1,1,1,1,0,0
1178,2023,RWL,1,1,1,1,0,0
1179,2023,OIC,1,1,1,1,0,0
1180,2023,NJ3,1,1,1,,0,0
1181,2023,LYU,1,1,2,2,0,0
1182,2023,ISS,1,1,1,1,0,0
1183,2023,MD2,1,1,1,1,0,0
1184,2023,LPW,1,12,10,10,0,0
1185,2023,GTY,1,1,1,1,0,0
1186,2023,GVL,1,1,1,1,0,0
1187,2023,FVO,1,1,2,5,0,0
1188,2023,HIE,1,1,3,2,0,0
1189,2023,FNR,1,1,1,1,0,0
1190,2023,GVT,1,1,1,1,0,0
1191,2023,A27,1,49,44,44,14769,0
1192,2023,1TX,1,1,5,5,0,0
1193,2023,A72,1,1,74,82,0,0
1194,2023,BFK,1,1,1,1,0,0
1195,2023,3NC,1,1,1,1,0,0
1196,2023,ASX,1,1,1,1,0,0
1197,2023,TOR,0,0,5,8,3741,0
1198,2023,UKI,0,0,280,284,198300,0
1199,2023,VWA,0,0,5,,6771,0
1200,2023,WSH,0,1,5,3,0,0
1201,2023,SVH,0,0,5,6,27506,0
1202,2023,SMN,0,0,1,1,0,0
1203,2023,TIK,0,0,1,4,3823,0
1204,2023,SVW,0,0,2,2,12191,0
1205,2023,UUK,0,0,2,1,4504,0
1206,2023,SRC,0,0,1,1,0,0
1207,2023,UXK,0,0,446,1,562710,0
1208,2023,TPF,0,0,1,1,0,0
1209,2023,ZXC,0,0,1,,18,0
1210,2023,TLR,0,0,1,1,1900,0
1211,2023,UAM,0,0,8,9,6354,0
1212,2023,XXV,0,0,1,1,0,0
1213,2023,XXP,0,0,28,28,17091,0
1214,2023,XXT,0,0,1,,4268,0
1215,2023,PHK,0,0,3,2,0,0
1216,2023,QMA,0,0,6,6,3200,0
1217,2023,NKI,0,22,71,72,0,376
1218,2023,RNM,0,0,1,1,0,0
1219,2023,RSN,0,0,1,1,0,0
1220,2023,MZJ,0,0,3,5,0,0
1221,2023,RWI,0,0,6,7,47770,0
1222,2023,NQA,0,0,1,1,81164,0
1223,2023,OSC,0,0,54,54,6789,0
1224,2023,MRN,0,0,1,1,0,0
1225,2023,N3C,0,0,1,1,0,0
1226,2023,OR3,0,0,2,2,366,0
1227,2023,NGU,0,0,26,21,135920,0
1228,2023,OSH,0,0,2,2,0,0
1229,2023,NIP,0,0,2,,661,0
1230,2023,RBG,0,0,624,458,128701,0
1231,2023,OUN,0,0,1,2,0,0
1232,2023,NUW,0,0,1,,1378,0
1233,2023,NCO,0,0,1,1,0,0
1234,2023,ONP,0,0,474,487,124341,0
1235,2023,RNH,0,0,1,1,519,0
1236,2023,MUO,0,0,4,3,50808,0
1237,2023,NZY,0,0,6,,0,0
1238,2023,PSK,0,0,4,5,407,0
1239,2023,RAC,0,0,1,1,0,0
1240,2023,NTD,0,0,4,2,6942,0
1241,2023,JVL,0,0,5,5,5990,0
1242,2023,LFI,0,0,4,2,300,0
1243,2023,MLT,0,0,1,1,426,0
1244,2023,MCF,0,0,2,1,49324,0
1245,2023,MFD,0,0,4,4,654,0
1246,2023,IAB,0,0,59,60,4193090,0
1247,2023,MI7,0,0,19,15,0,0
1248,2023,MN7,0,0,1,1,0,0
1249,2023,LCQ,0,0,1,1,0,0
1250,2023,MN8,0,0,1,,2115,0
1251,2023,ISO,0,0,4,4,0,0
1252,2023,IYK,0,0,251,418,230808,0
1253,2023,MEO,0,0,248,246,74422,0
1254,2023,CWS,0,0,1,,0,0
1255,2023,EDF,0,0,9,54,60487,0
1256,2023,EKA,0,0,20,21,18143,0
1257,2023,FDY,0,0,2,2,2955,0
1258,2023,DCU,0,0,10,10,6500,0
1259,2023,GA7,0,0,1,1,0,0
1260,2023,EDW,0,0,1,2,0,0
1261,2023,HLM,0,0,2,2,7141,0
1262,2023,GDC,0,0,23,22,47946,0
1263,2023,GSB,0,0,3,1,441,0
1264,2023,HST,0,0,2,2,6640,0
1265,2023,HUL,0,0,1,1,1311,0
1266,2023,GLW,0,0,1,1,0,0
1267,2023,GWO,0,0,1,2,0,0
1268,2023,DOV,0,44,50,57,627447,0
1269,2023,EIL,0,0,4,1,224505,0
1270,2023,FVQ,0,0,15,15,204993,0
1271,2023,FMN,0,0,364,505,203961,0
1272,2023,FQQ,0,0,3,3,9700,0
1273,2023,EGP,0,0,1,1,1894,0
1274,2023,GLR,0,0,28,57,35797,0
1275,2023,AUZ,0,0,25,25,0,0
1276,2023,A52,0,0,21,21,0,0
1277,2023,A20,0,0,217,218,4921036,0
1278,2023,A35,0,0,1,1,0,0
1279,2023,A06,0,0,19,19,46630,0
1280,2023,6GA,0,0,1,1,0,0
1281,2023,ANB,0,0,106,108,36103,0
1282,2023,3NY,0,0,1,1,0,0
1283,2023,BKT,0,0,1,1,16437,0
1284,2023,CLU,0,0,7,7,461,0
1285,2023,BTL,0,0,12,13,33815,0
1286,2023,ARA,0,0,10,10,35327,0
1287,2023,CIC,0,0,249,,188970,0
1288,2023,5GA,0,0,1,1,0,0
